Suite,Depth,NRM intensity (A/m),MS jump temp. (degC),Steps,PCA dec. (deg),PCA inc. (deg),PCA MAD1,PCA MAD3,PCA anchored,PCA equation,PCA npoints,PCA start (degC or mT),PCA end (degC or mT),PCA contiguous,GC dec (deg),GC inc (deg),GC strike (deg),GC dip (deg),GC MAD1,GC npoints,MDF half-intensity (A/m),MDF demagnetization (degC or T),MDF midpoint reached,Fisher dec. (deg),Fisher inc. (deg),Fisher a95 (deg),Fisher k,Fisher nDirs,Fisher R,AMS dec1,AMS inc1,AMS dec2,AMS inc2,AMS dec3,AMS inc3
c5-nrm-all.dat,20,0.008225,0.000,12,321.3898,45.0028,33.8139,1.4779,N,(1.26 -0.86 1.76)e-3 + (0.55 -0.44 0.71)t,9,0.015,0.1,Y,,,,,,,0.00411,0.0220,Y,,,,,,,,,,,,
c5-nrm-all.dat,21,0.008604,0.000,12,326.1711,50.7909,38.7212,1.4873,N,(1.24 -0.73 1.99)e-3 + (0.53 -0.35 0.77)t,9,0.015,0.1,Y,,,,,,,0.00430,0.0221,Y,,,,,,,,,,,,
c5-nrm-all.dat,22,0.009387,0.000,12,330.2455,55.0782,37.4883,1.5357,N,(1.26 -0.69 2.28)e-3 + (0.50 -0.28 0.82)t,9,0.015,0.1,Y,,,,,,,0.00469,0.0221,Y,,,,,,,,,,,,
c5-nrm-all.dat,23,0.01061,0.000,12,331.8934,56.3277,35.1151,1.4607,N,(1.38 -0.77 2.61)e-3 + (0.49 -0.26 0.83)t,9,0.015,0.1,Y,,,,,,,0.00531,0.0222,Y,,,,,,,,,,,,
c5-nrm-all.dat,24,0.01223,0.000,12,330.5907,54.0356,26.6630,1.4051,N,(1.67 -0.98 2.93)e-3 + (0.51 -0.29 0.81)t,9,0.015,0.1,Y,,,,,,,0.00612,0.0221,Y,,,,,,,,,,,,
c5-nrm-all.dat,25,0.01388,0.000,12,327.9387,49.6755,22.5874,1.3271,N,(2.07 -1.29 3.14)e-3 + (0.55 -0.34 0.76)t,9,0.015,0.1,Y,,,,,,,0.00694,0.0222,Y,,,,,,,,,,,,
c5-nrm-all.dat,26,0.01521,0.000,12,325.1225,45.0658,20.9028,1.3288,N,(2.46 -1.60 3.23)e-3 + (0.58 -0.40 0.71)t,9,0.015,0.1,Y,,,,,,,0.00761,0.0222,Y,,,,,,,,,,,,
c5-nrm-all.dat,27,0.01588,0.000,12,322.6087,41.8579,21.8018,1.2331,N,(2.67 -1.81 3.20)e-3 + (0.59 -0.45 0.67)t,9,0.015,0.1,Y,,,,,,,0.00794,0.0222,Y,,,,,,,,,,,,
c5-nrm-all.dat,28,0.01576,0.000,12,320.2785,40.6336,25.7244,1.1616,N,(2.65 -1.87 3.11)e-3 + (0.58 -0.48 0.65)t,9,0.015,0.1,Y,,,,,,,0.00788,0.0221,Y,,,,,,,,,,,,
c5-nrm-all.dat,29,0.01511,0.000,12,318.1341,41.5636,38.1350,1.0892,N,(2.43 -1.79 3.03)e-3 + (0.56 -0.50 0.66)t,9,0.015,0.1,Y,,,,,,,0.00756,0.0219,Y,,,,,,,,,,,,
c5-nrm-all.dat,30,0.01429,0.000,12,316.5711,43.7706,30.1608,1.0366,N,(2.16 -1.64 2.96)e-3 + (0.52 -0.50 0.69)t,9,0.015,0.1,Y,,,,,,,0.00715,0.0216,Y,,,,,,,,,,,,
c5-nrm-all.dat,31,0.01363,0.000,12,315.8017,45.9737,20.2793,1.1247,N,(1.92 -1.48 2.88)e-3 + (0.50 -0.48 0.72)t,9,0.015,0.1,Y,,,,,,,0.00681,0.0211,Y,,,,,,,,,,,,
c5-nrm-all.dat,32,0.01310,0.000,12,315.3867,46.8347,19.1828,1.2488,N,(1.77 -1.37 2.78)e-3 + (0.49 -0.48 0.73)t,9,0.015,0.1,Y,,,,,,,0.00655,0.0208,Y,,,,,,,,,,,,
c5-nrm-all.dat,33,0.01272,0.000,12,314.2620,45.9222,18.2959,1.3077,N,(1.70 -1.34 2.65)e-3 + (0.49 -0.50 0.72)t,9,0.015,0.1,Y,,,,,,,0.00636,0.0205,Y,,,,,,,,,,,,
c5-nrm-all.dat,34,0.01241,0.000,12,311.7757,43.5937,22.7689,1.3416,N,(1.65 -1.39 2.49)e-3 + (0.48 -0.54 0.69)t,9,0.015,0.1,Y,,,,,,,0.00621,0.0202,Y,,,,,,,,,,,,
c5-nrm-all.dat,35,0.01219,0.000,12,308.5265,40.9931,30.7614,1.3974,N,(1.60 -1.47 2.34)e-3 + (0.47 -0.59 0.66)t,9,0.015,0.1,Y,,,,,,,0.00609,0.0200,Y,,,,,,,,,,,,
c5-nrm-all.dat,36,0.01213,0.000,12,305.8310,39.1241,37.5913,1.4267,N,(1.54 -1.56 2.25)e-3 + (0.45 -0.63 0.63)t,9,0.015,0.1,Y,,,,,,,0.00607,0.0199,Y,,,,,,,,,,,,
c5-nrm-all.dat,37,0.01233,0.000,12,304.4654,38.6177,37.0996,1.4298,N,(1.50 -1.65 2.26)e-3 + (0.44 -0.64 0.62)t,9,0.015,0.1,Y,,,,,,,0.00616,0.0199,Y,,,,,,,,,,,,
c5-nrm-all.dat,38,0.01272,0.000,12,304.9489,39.4196,37.2197,1.5261,N,(1.50 -1.73 2.36)e-3 + (0.44 -0.63 0.63)t,9,0.015,0.1,Y,,,,,,,0.00636,0.0199,Y,,,,,,,,,,,,
c5-nrm-all.dat,39,0.01314,0.000,12,307.1657,41.0732,39.2136,1.6876,N,(1.52 -1.76 2.50)e-3 + (0.46 -0.60 0.66)t,9,0.015,0.1,Y,,,,,,,0.00657,0.0200,Y,,,,,,,,,,,,
c5-nrm-all.dat,40,0.01343,0.000,12,310.7580,42.9724,36.6621,1.8746,N,(1.56 -1.72 2.63)e-3 + (0.48 -0.55 0.68)t,9,0.015,0.1,Y,,,,,,,0.00672,0.0200,Y,,,,,,,,,,,,
c5-nrm-all.dat,41,0.01356,0.000,12,314.9864,44.5746,30.9791,2.0659,N,(1.60 -1.64 2.72)e-3 + (0.50 -0.50 0.70)t,9,0.015,0.1,Y,,,,,,,0.00678,0.0200,Y,,,,,,,,,,,,
c5-nrm-all.dat,42,0.01360,0.000,12,318.4585,45.0666,24.7280,2.2103,N,(1.67 -1.56 2.76)e-3 + (0.53 -0.47 0.71)t,9,0.015,0.1,Y,,,,,,,0.00680,0.0200,Y,,,,,,,,,,,,
c5-nrm-all.dat,43,0.01358,0.000,12,319.6639,43.9465,19.6875,2.3802,N,(1.75 -1.56 2.74)e-3 + (0.55 -0.47 0.69)t,9,0.015,0.1,Y,,,,,,,0.00679,0.0202,Y,,,,,,,,,,,,
c5-nrm-all.dat,44,0.01347,0.000,12,318.8912,41.6326,17.0047,2.4839,N,(1.84 -1.62 2.65)e-3 + (0.56 -0.49 0.66)t,9,0.015,0.1,Y,,,,,,,0.00673,0.0203,Y,,,,,,,,,,,,
c5-nrm-all.dat,45,0.01326,0.000,12,317.6011,39.0297,16.4152,2.4069,N,(1.92 -1.68 2.52)e-3 + (0.57 -0.52 0.63)t,9,0.015,0.1,Y,,,,,,,0.00663,0.0205,Y,,,,,,,,,,,,
c5-nrm-all.dat,46,0.01298,0.000,12,316.6816,36.7914,16.6438,2.1598,N,(1.97 -1.70 2.39)e-3 + (0.58 -0.55 0.60)t,9,0.015,0.1,Y,,,,,,,0.00649,0.0205,Y,,,,,,,,,,,,
c5-nrm-all.dat,47,0.01261,0.000,12,316.5905,34.5955,17.1697,1.9332,N,(2.00 -1.68 2.25)e-3 + (0.60 -0.57 0.57)t,9,0.015,0.1,Y,,,,,,,0.00631,0.0205,Y,,,,,,,,,,,,
c5-nrm-all.dat,48,0.01209,0.000,12,316.8928,32.0311,19.2217,1.8959,N,(1.98 -1.64 2.07)e-3 + (0.62 -0.58 0.53)t,9,0.015,0.1,Y,,,,,,,0.00604,0.0204,Y,,,,,,,,,,,,
c5-nrm-all.dat,56,0.01893,0.000,12,133.6124,48.1133,41.6650,1.2475,N,(-2.31 2.38 3.85)e-3 + (-0.46 0.48 0.74)t,9,0.015,0.1,Y,,,,,,,0.00947,0.0205,Y,,,,,,,,,,,,
c5-nrm-all.dat,57,0.01898,0.000,12,131.0542,49.0421,37.8684,1.0774,N,(-2.19 2.45 3.95)e-3 + (-0.43 0.49 0.76)t,9,0.015,0.1,Y,,,,,,,0.00949,0.0207,Y,,,,,,,,,,,,
c5-nrm-all.dat,58,0.01901,0.000,12,130.3234,49.1315,40.8992,0.9088,N,(-2.20 2.51 4.00)e-3 + (-0.42 0.50 0.76)t,9,0.015,0.1,Y,,,,,,,0.00951,0.0211,Y,,,,,,,,,,,,
c5-nrm-all.dat,59,0.01922,0.000,12,131.0177,48.6382,40.1606,0.7956,N,(-2.33 2.59 4.06)e-3 + (-0.43 0.50 0.75)t,9,0.015,0.1,Y,,,,,,,0.00961,0.0215,Y,,,,,,,,,,,,
c5-nrm-all.dat,60,0.01953,0.000,12,132.3164,48.4026,29.5001,0.7659,N,(-2.48 2.63 4.17)e-3 + (-0.45 0.49 0.75)t,9,0.015,0.1,Y,,,,,,,0.00977,0.0219,Y,,,,,,,,,,,,
c5-nrm-all.dat,61,0.01981,0.000,12,133.6889,49.0266,25.6846,0.7436,N,(-2.57 2.62 4.33)e-3 + (-0.45 0.47 0.76)t,9,0.015,0.1,Y,,,,,,,0.00990,0.0222,Y,,,,,,,,,,,,
c5-nrm-all.dat,62,0.01996,0.000,12,134.7429,50.4710,25.6473,0.7090,N,(-2.58 2.54 4.49)e-3 + (-0.45 0.45 0.77)t,9,0.015,0.1,Y,,,,,,,0.00998,0.0225,Y,,,,,,,,,,,,
c5-nrm-all.dat,63,0.02013,0.000,12,135.3693,52.1973,29.0398,0.6593,N,(-2.54 2.45 4.67)e-3 + (-0.44 0.43 0.79)t,9,0.015,0.1,Y,,,,,,,0.0101,0.0227,Y,,,,,,,,,,,,
c5-nrm-all.dat,64,0.02051,0.000,12,135.4528,53.7122,31.3809,0.5873,N,(-2.51 2.42 4.86)e-3 + (-0.42 0.42 0.81)t,9,0.015,0.1,Y,,,,,,,0.0103,0.0228,Y,,,,,,,,,,,,
c5-nrm-all.dat,65,0.02126,0.000,12,135.0823,54.4653,33.8331,0.5868,N,(-2.52 2.48 5.08)e-3 + (-0.41 0.41 0.81)t,9,0.015,0.1,Y,,,,,,,0.0106,0.0228,Y,,,,,,,,,,,,
c5-nrm-all.dat,66,0.02229,0.000,12,133.9763,54.7609,33.8884,0.6250,N,(-2.53 2.63 5.31)e-3 + (-0.40 0.42 0.82)t,9,0.015,0.1,Y,,,,,,,0.0111,0.0226,Y,,,,,,,,,,,,
c5-nrm-all.dat,67,0.02314,0.000,12,131.8488,55.3173,42.0301,0.6949,N,(-2.46 2.80 5.53)e-3 + (-0.38 0.42 0.82)t,9,0.015,0.1,Y,,,,,,,0.0116,0.0225,Y,,,,,,,,,,,,
c5-nrm-all.dat,68,0.02359,0.000,12,129.0969,56.1259,34.3693,0.7766,N,(-2.31 2.94 5.68)e-3 + (-0.35 0.43 0.83)t,9,0.015,0.1,Y,,,,,,,0.0118,0.0225,Y,,,,,,,,,,,,
c5-nrm-all.dat,69,0.02360,0.000,12,126.5657,56.5782,23.5656,0.9263,N,(-2.18 3.05 5.75)e-3 + (-0.33 0.44 0.83)t,9,0.015,0.1,Y,,,,,,,0.0118,0.0227,Y,,,,,,,,,,,,
c5-nrm-all.dat,70,0.02338,0.000,12,125.2766,56.4367,18.0169,1.0877,N,(-2.11 3.11 5.74)e-3 + (-0.32 0.45 0.83)t,9,0.015,0.1,Y,,,,,,,0.0117,0.0229,Y,,,,,,,,,,,,
c5-nrm-all.dat,71,0.02324,0.000,12,125.5149,56.0837,16.5263,1.1823,N,(-2.13 3.12 5.74)e-3 + (-0.32 0.45 0.83)t,9,0.015,0.1,Y,,,,,,,0.0116,0.0231,Y,,,,,,,,,,,,
c5-nrm-all.dat,72,0.02326,0.000,12,126.9431,55.8322,17.6082,1.1663,N,(-2.20 3.08 5.76)e-3 + (-0.34 0.45 0.83)t,9,0.015,0.1,Y,,,,,,,0.0116,0.0232,Y,,,,,,,,,,,,
c5-nrm-all.dat,73,0.02330,0.000,12,128.7897,55.4429,20.4271,1.1355,N,(-2.32 3.00 5.74)e-3 + (-0.36 0.44 0.82)t,9,0.015,0.1,Y,,,,,,,0.0117,0.0232,Y,,,,,,,,,,,,
c5-nrm-all.dat,74,0.02336,0.000,12,130.5105,54.3802,26.3602,1.0516,N,(-2.52 2.98 5.67)e-3 + (-0.38 0.44 0.81)t,9,0.015,0.1,Y,,,,,,,0.0117,0.0231,Y,,,,,,,,,,,,
c5-nrm-all.dat,75,0.02362,0.000,12,131.6503,52.6195,34.2801,0.9434,N,(-2.79 3.07 5.60)e-3 + (-0.40 0.45 0.79)t,9,0.015,0.1,Y,,,,,,,0.0118,0.0231,Y,,,,,,,,,,,,
c5-nrm-all.dat,76,0.02409,0.000,12,132.2542,50.9531,39.7196,0.8602,N,(-3.04 3.22 5.59)e-3 + (-0.42 0.47 0.78)t,9,0.015,0.1,Y,,,,,,,0.0120,0.0231,Y,,,,,,,,,,,,
c5-nrm-all.dat,77,0.02443,0.000,12,132.3270,50.1689,36.8103,0.8332,N,(-3.17 3.33 5.62)e-3 + (-0.43 0.47 0.77)t,9,0.015,0.1,Y,,,,,,,0.0122,0.0232,Y,,,,,,,,,,,,
c5-nrm-all.dat,78,0.02426,0.000,12,131.7236,50.5389,34.5270,0.8269,N,(-3.09 3.34 5.64)e-3 + (-0.42 0.47 0.77)t,9,0.015,0.1,Y,,,,,,,0.0121,0.0232,Y,,,,,,,,,,,,
c5-nrm-all.dat,79,0.02362,0.000,12,130.5650,51.4737,33.3599,0.8117,N,(-2.87 3.26 5.59)e-3 + (-0.41 0.47 0.78)t,9,0.015,0.1,Y,,,,,,,0.0118,0.0234,Y,,,,,,,,,,,,
c5-nrm-all.dat,80,0.02285,0.000,12,129.2984,52.2019,32.7485,0.7804,N,(-2.66 3.19 5.49)e-3 + (-0.39 0.47 0.79)t,9,0.015,0.1,Y,,,,,,,0.0114,0.0235,Y,,,,,,,,,,,,
c5-nrm-all.dat,81,0.02223,0.000,12,128.1749,52.5172,31.9245,0.7872,N,(-2.52 3.17 5.38)e-3 + (-0.38 0.48 0.79)t,9,0.015,0.1,Y,,,,,,,0.0111,0.0236,Y,,,,,,,,,,,,
c5-nrm-all.dat,82,0.02182,0.000,12,127.1037,52.8374,31.6674,0.8495,N,(-2.41 3.18 5.33)e-3 + (-0.36 0.48 0.80)t,9,0.015,0.1,Y,,,,,,,0.0109,0.0237,Y,,,,,,,,,,,,
c5-nrm-all.dat,83,0.02152,0.000,12,126.0466,53.4500,31.6164,0.9025,N,(-2.29 3.19 5.31)e-3 + (-0.35 0.48 0.80)t,9,0.015,0.1,Y,,,,,,,0.0108,0.0238,Y,,,,,,,,,,,,
c5-nrm-all.dat,84,0.02117,0.000,12,125.3098,54.0535,31.8306,0.9106,N,(-2.16 3.14 5.27)e-3 + (-0.34 0.48 0.81)t,9,0.015,0.1,Y,,,,,,,0.0106,0.0238,Y,,,,,,,,,,,,
c5-nrm-all.dat,85,0.02080,0.000,12,125.4425,54.1305,32.0173,0.8831,N,(-2.08 3.05 5.17)e-3 + (-0.34 0.48 0.81)t,9,0.015,0.1,Y,,,,,,,0.0104,0.0237,Y,,,,,,,,,,,,
c5-nrm-all.dat,86,0.02058,0.000,12,126.7930,53.4648,29.5878,0.8413,N,(-2.12 2.96 5.04)e-3 + (-0.36 0.48 0.80)t,9,0.015,0.1,Y,,,,,,,0.0103,0.0234,Y,,,,,,,,,,,,
c5-nrm-all.dat,87,0.02064,0.000,12,129.1625,52.3864,22.8153,0.8214,N,(-2.25 2.87 4.94)e-3 + (-0.39 0.47 0.79)t,9,0.015,0.1,Y,,,,,,,0.0103,0.0231,Y,,,,,,,,,,,,
c5-nrm-all.dat,88,0.02092,0.000,12,131.6501,51.5222,21.0026,0.8357,N,(-2.41 2.80 4.89)e-3 + (-0.41 0.46 0.78)t,9,0.015,0.1,Y,,,,,,,0.0105,0.0228,Y,,,,,,,,,,,,
c5-nrm-all.dat,89,0.02126,0.000,12,133.5864,51.2641,24.4758,0.8424,N,(-2.53 2.72 4.90)e-3 + (-0.43 0.45 0.78)t,9,0.015,0.1,Y,,,,,,,0.0106,0.0226,Y,,,,,,,,,,,,
c5-nrm-all.dat,90,0.02160,0.000,12,134.8526,51.6021,27.1194,0.7906,N,(-2.60 2.68 4.97)e-3 + (-0.44 0.44 0.78)t,9,0.015,0.1,Y,,,,,,,0.0108,0.0225,Y,,,,,,,,,,,,
c5-nrm-all.dat,91,0.02198,0.000,12,135.4521,52.3288,29.0701,0.7587,N,(-2.62 2.67 5.09)e-3 + (-0.44 0.43 0.79)t,9,0.015,0.1,Y,,,,,,,0.0110,0.0225,Y,,,,,,,,,,,,
c5-nrm-all.dat,92,0.02249,0.000,12,135.8467,53.1293,31.0915,0.8184,N,(-2.65 2.72 5.26)e-3 + (-0.43 0.42 0.80)t,9,0.015,0.1,Y,,,,,,,0.0112,0.0225,Y,,,,,,,,,,,,
c5-nrm-all.dat,93,0.02308,0.000,12,136.3168,53.6758,28.8429,0.9756,N,(-2.71 2.79 5.45)e-3 + (-0.43 0.41 0.81)t,9,0.015,0.1,Y,,,,,,,0.0115,0.0226,Y,,,,,,,,,,,,
c5-nrm-all.dat,94,0.02367,0.000,12,136.8839,53.9334,28.0171,1.1195,N,(-2.79 2.85 5.62)e-3 + (-0.43 0.40 0.81)t,9,0.015,0.1,Y,,,,,,,0.0118,0.0227,Y,,,,,,,,,,,,
c5-nrm-all.dat,95,0.02421,0.000,12,137.4815,54.0466,29.5669,1.1772,N,(-2.87 2.88 5.78)e-3 + (-0.43 0.40 0.81)t,9,0.015,0.1,Y,,,,,,,0.0121,0.0227,Y,,,,,,,,,,,,
c5-nrm-all.dat,96,0.02459,0.000,12,137.7562,54.3415,34.6097,1.1488,N,(-2.92 2.88 5.89)e-3 + (-0.43 0.39 0.81)t,9,0.015,0.1,Y,,,,,,,0.0123,0.0227,Y,,,,,,,,,,,,
c5-nrm-all.dat,97,0.02479,0.000,12,137.8761,54.8664,38.8833,1.0901,N,(-2.94 2.84 5.98)e-3 + (-0.43 0.39 0.82)t,9,0.015,0.1,Y,,,,,,,0.0124,0.0228,Y,,,,,,,,,,,,
c5-nrm-all.dat,98,0.02493,0.000,12,138.2988,55.3558,34.0318,1.0272,N,(-2.97 2.76 6.05)e-3 + (-0.42 0.38 0.82)t,9,0.015,0.1,Y,,,,,,,0.0125,0.0228,Y,,,,,,,,,,,,
c5-nrm-all.dat,99,0.02521,0.000,12,139.3277,55.5332,27.6624,0.9675,N,(-3.04 2.66 6.11)e-3 + (-0.43 0.37 0.82)t,9,0.015,0.1,Y,,,,,,,0.0126,0.0227,Y,,,,,,,,,,,,
c5-nrm-all.dat,100,0.02575,0.000,12,141.4515,55.2291,23.0344,0.9053,N,(-3.21 2.51 6.20)e-3 + (-0.45 0.36 0.82)t,9,0.015,0.1,Y,,,,,,,0.0129,0.0226,Y,,,,,,,,,,,,
c5-nrm-all.dat,101,0.02658,0.000,12,144.4335,54.4221,20.8370,0.8673,N,(-3.49 2.35 6.32)e-3 + (-0.47 0.34 0.81)t,9,0.015,0.1,Y,,,,,,,0.0133,0.0224,Y,,,,,,,,,,,,
c5-nrm-all.dat,102,0.02760,0.000,12,147.5574,53.1855,20.1459,0.8411,N,(-3.87 2.21 6.45)e-3 + (-0.51 0.32 0.80)t,9,0.015,0.1,Y,,,,,,,0.0138,0.0224,Y,,,,,,,,,,,,
c5-nrm-all.dat,103,0.02880,0.000,12,149.8638,51.7295,20.8459,0.8319,N,(-4.27 2.17 6.58)e-3 + (-0.54 0.31 0.79)t,9,0.015,0.1,Y,,,,,,,0.0144,0.0223,Y,,,,,,,,,,,,
c5-nrm-all.dat,104,0.02989,0.000,12,150.2701,50.8865,25.8873,0.8403,N,(-4.56 2.30 6.74)e-3 + (-0.55 0.31 0.78)t,9,0.015,0.1,Y,,,,,,,0.0149,0.0223,Y,,,,,,,,,,,,
c5-nrm-all.dat,105,0.03059,0.000,12,148.5872,51.5592,30.7888,0.8602,N,(-4.53 2.55 6.92)e-3 + (-0.53 0.32 0.78)t,9,0.015,0.1,Y,,,,,,,0.0153,0.0223,Y,,,,,,,,,,,,
c5-nrm-all.dat,106,0.03052,0.000,12,145.1057,54.1426,33.5543,0.9050,N,(-4.11 2.79 7.10)e-3 + (-0.48 0.34 0.81)t,9,0.015,0.1,Y,,,,,,,0.0153,0.0222,Y,,,,,,,,,,,,
c5-nrm-all.dat,107,0.02978,0.000,12,140.5270,57.7810,34.8704,0.9692,N,(-3.45 2.94 7.20)e-3 + (-0.41 0.34 0.85)t,9,0.015,0.1,Y,,,,,,,0.0149,0.0223,Y,,,,,,,,,,,,
c5-nrm-all.dat,108,0.02868,0.000,12,135.1815,61.4523,35.8305,0.9586,N,(-2.78 3.00 7.20)e-3 + (-0.34 0.34 0.88)t,9,0.015,0.1,Y,,,,,,,0.0143,0.0224,Y,,,,,,,,,,,,
c5-nrm-all.dat,109,0.02780,0.000,12,130.5669,63.8375,36.0248,0.9038,N,(-2.33 3.01 7.15)e-3 + (-0.29 0.33 0.90)t,9,0.015,0.1,Y,,,,,,,0.0139,0.0225,Y,,,,,,,,,,,,
c5-nrm-all.dat,110,0.02740,0.000,12,128.7601,64.2280,32.8937,0.8336,N,(-2.21 3.02 7.13)e-3 + (-0.27 0.34 0.90)t,9,0.015,0.1,Y,,,,,,,0.0137,0.0227,Y,,,,,,,,,,,,
c5-nrm-all.dat,111,0.02744,0.000,12,129.9336,63.1961,36.2413,0.7988,N,(-2.33 2.95 7.13)e-3 + (-0.29 0.35 0.89)t,9,0.015,0.1,Y,,,,,,,0.0137,0.0228,Y,,,,,,,,,,,,
c5-nrm-all.dat,112,0.02773,0.000,12,132.9088,61.5643,42.2437,0.7765,N,(-2.60 2.78 7.12)e-3 + (-0.32 0.35 0.88)t,9,0.015,0.1,Y,,,,,,,0.0139,0.0227,Y,,,,,,,,,,,,
c5-nrm-all.dat,113,0.02825,0.000,12,136.9830,59.4471,31.3366,0.8011,N,(-2.98 2.56 7.09)e-3 + (-0.37 0.35 0.86)t,9,0.015,0.1,Y,,,,,,,0.0141,0.0225,Y,,,,,,,,,,,,
c5-nrm-all.dat,114,0.02903,0.000,12,140.5347,57.1335,17.8127,0.8631,N,(-3.40 2.38 7.07)e-3 + (-0.42 0.34 0.84)t,9,0.015,0.1,Y,,,,,,,0.0145,0.0222,Y,,,,,,,,,,,,
c5-nrm-all.dat,115,0.03010,0.000,12,142.6933,55.2169,12.9135,0.9159,N,(-3.79 2.35 7.13)e-3 + (-0.45 0.35 0.82)t,9,0.015,0.1,Y,,,,,,,0.0150,0.0220,Y,,,,,,,,,,,,
c5-nrm-all.dat,116,0.03130,0.000,12,143.4832,54.2599,13.9308,0.9115,N,(-4.05 2.48 7.29)e-3 + (-0.47 0.35 0.81)t,9,0.015,0.1,Y,,,,,,,0.0157,0.0218,Y,,,,,,,,,,,,
c5-nrm-all.dat,117,0.03221,0.000,12,143.1235,54.7545,20.3631,0.8883,N,(-4.05 2.68 7.52)e-3 + (-0.46 0.35 0.82)t,9,0.015,0.1,Y,,,,,,,0.0161,0.0218,Y,,,,,,,,,,,,
c5-nrm-all.dat,118,0.03260,0.000,12,141.6533,56.5958,28.3423,0.8590,N,(-3.79 2.88 7.75)e-3 + (-0.43 0.34 0.83)t,9,0.015,0.1,Y,,,,,,,0.0163,0.0218,Y,,,,,,,,,,,,
c5-nrm-all.dat,119,0.03247,0.000,12,138.9756,59.1620,38.0874,0.8331,N,(-3.35 3.04 7.90)e-3 + (-0.39 0.34 0.86)t,9,0.015,0.1,Y,,,,,,,0.0162,0.0218,Y,,,,,,,,,,,,
c5-nrm-all.dat,120,0.03205,0.000,12,135.1433,61.4763,35.4263,0.8214,N,(-2.88 3.17 7.94)e-3 + (-0.34 0.34 0.88)t,9,0.015,0.1,Y,,,,,,,0.0160,0.0219,Y,,,,,,,,,,,,
c5-nrm-all.dat,121,0.03154,0.000,12,130.5735,62.9239,26.8994,0.8864,N,(-2.50 3.27 7.90)e-3 + (-0.30 0.35 0.89)t,9,0.015,0.1,Y,,,,,,,0.0158,0.0219,Y,,,,,,,,,,,,
c5-nrm-all.dat,122,0.03109,0.000,12,127.1304,63.1788,23.6606,0.9519,N,(-2.31 3.33 7.80)e-3 + (-0.27 0.36 0.89)t,9,0.015,0.1,Y,,,,,,,0.0155,0.0219,Y,,,,,,,,,,,,
c5-nrm-all.dat,123,0.03074,0.000,12,126.1726,62.3856,22.8734,0.9241,N,(-2.33 3.33 7.67)e-3 + (-0.27 0.37 0.89)t,9,0.015,0.1,Y,,,,,,,0.0154,0.0219,Y,,,,,,,,,,,,
c5-nrm-all.dat,124,0.03059,0.000,12,127.9085,61.0412,28.5348,0.8649,N,(-2.56 3.29 7.56)e-3 + (-0.30 0.38 0.87)t,9,0.015,0.1,Y,,,,,,,0.0153,0.0220,Y,,,,,,,,,,,,
c5-nrm-all.dat,125,0.03071,0.000,12,131.2704,59.8333,41.2477,0.8255,N,(-2.88 3.21 7.54)e-3 + (-0.33 0.38 0.86)t,9,0.015,0.1,Y,,,,,,,0.0154,0.0220,Y,,,,,,,,,,,,
c5-nrm-all.dat,126,0.03114,0.000,12,135.4967,59.1697,33.5042,0.8678,N,(-3.20 3.07 7.65)e-3 + (-0.37 0.36 0.86)t,9,0.015,0.1,Y,,,,,,,0.0156,0.0221,Y,,,,,,,,,,,,
c5-nrm-all.dat,127,0.03175,0.000,12,139.5065,59.1257,24.0523,0.9110,N,(-3.46 2.90 7.85)e-3 + (-0.39 0.33 0.86)t,9,0.015,0.1,Y,,,,,,,0.0159,0.0223,Y,,,,,,,,,,,,
c5-nrm-all.dat,128,0.03239,0.000,12,142.2870,59.5343,19.1455,0.9211,N,(-3.60 2.75 8.09)e-3 + (-0.40 0.31 0.86)t,9,0.015,0.1,Y,,,,,,,0.0162,0.0224,Y,,,,,,,,,,,,
c5-nrm-all.dat,129,0.03309,0.000,12,143.3696,59.9760,17.6416,0.8824,N,(-3.69 2.72 8.33)e-3 + (-0.40 0.30 0.87)t,9,0.015,0.1,Y,,,,,,,0.0165,0.0225,Y,,,,,,,,,,,,
c5-nrm-all.dat,130,0.03380,0.000,12,142.5026,60.2975,18.2637,0.8153,N,(-3.73 2.84 8.56)e-3 + (-0.39 0.30 0.87)t,9,0.015,0.1,Y,,,,,,,0.0169,0.0226,Y,,,,,,,,,,,,
c5-nrm-all.dat,131,0.03442,0.000,12,140.2236,60.7391,19.5665,0.7556,N,(-0.37 0.31 0.88)e-2 + (-0.38 0.31 0.87)t,9,0.015,0.1,Y,,,,,,,0.0172,0.0227,Y,,,,,,,,,,,,
c5-nrm-all.dat,132,0.03474,0.000,12,137.4208,61.2480,23.1241,0.7039,N,(-0.36 0.33 0.89)e-2 + (-0.35 0.33 0.88)t,9,0.015,0.1,Y,,,,,,,0.0174,0.0229,Y,,,,,,,,,,,,
c5-nrm-all.dat,133,0.03460,0.000,12,135.3086,61.6184,27.3784,0.6922,N,(-0.35 0.34 0.90)e-2 + (-0.34 0.33 0.88)t,9,0.015,0.1,Y,,,,,,,0.0173,0.0230,Y,,,,,,,,,,,,
c5-nrm-all.dat,134,0.03410,0.000,12,134.6555,61.6019,29.6852,0.7118,N,(-0.34 0.35 0.89)e-2 + (-0.33 0.34 0.88)t,9,0.015,0.1,Y,,,,,,,0.0171,0.0232,Y,,,,,,,,,,,,
c5-nrm-all.dat,135,0.03361,0.000,12,135.9695,61.0886,32.4385,0.7527,N,(-0.35 0.34 0.88)e-2 + (-0.35 0.34 0.88)t,9,0.015,0.1,Y,,,,,,,0.0168,0.0233,Y,,,,,,,,,,,,
c5-nrm-all.dat,136,0.03326,0.000,12,138.2748,60.4395,32.5806,0.7755,N,(-0.36 0.33 0.87)e-2 + (-0.37 0.33 0.87)t,9,0.015,0.1,Y,,,,,,,0.0166,0.0234,Y,,,,,,,,,,,,
c5-nrm-all.dat,137,0.03287,0.000,12,140.5582,60.3506,32.8625,0.7998,N,(-3.68 3.10 8.69)e-3 + (-0.38 0.31 0.87)t,9,0.015,0.1,Y,,,,,,,0.0164,0.0235,Y,,,,,,,,,,,,
c5-nrm-all.dat,138,0.03212,0.000,12,142.0366,61.0690,32.9426,0.8224,N,(-3.53 2.84 8.59)e-3 + (-0.38 0.30 0.88)t,9,0.015,0.1,Y,,,,,,,0.0161,0.0236,Y,,,,,,,,,,,,
c5-nrm-all.dat,139,0.03088,0.000,12,142.7443,62.5615,32.7427,0.8666,N,(-3.20 2.55 8.41)e-3 + (-0.37 0.28 0.89)t,9,0.015,0.1,Y,,,,,,,0.0154,0.0237,Y,,,,,,,,,,,,
c5-nrm-all.dat,140,0.02946,0.000,12,143.0088,64.4521,32.3962,0.9156,N,(-2.85 2.28 8.17)e-3 + (-0.34 0.26 0.90)t,9,0.015,0.1,Y,,,,,,,0.0147,0.0238,Y,,,,,,,,,,,,
c5-nrm-all.dat,141,0.02824,0.000,12,143.3882,65.9717,29.3314,0.9534,N,(-2.61 2.08 7.95)e-3 + (-0.33 0.24 0.91)t,9,0.015,0.1,Y,,,,,,,0.0141,0.0239,Y,,,,,,,,,,,,
c5-nrm-all.dat,142,0.02748,0.000,12,144.7088,66.3836,25.9321,0.9422,N,(-2.60 1.96 7.77)e-3 + (-0.33 0.23 0.92)t,9,0.015,0.1,Y,,,,,,,0.0137,0.0240,Y,,,,,,,,,,,,
c5-nrm-all.dat,143,0.02727,0.000,12,147.6409,65.0178,25.0862,0.8980,N,(-2.90 1.92 7.63)e-3 + (-0.36 0.23 0.91)t,9,0.015,0.1,Y,,,,,,,0.0136,0.0241,Y,,,,,,,,,,,,
c5-nrm-all.dat,144,0.02760,0.000,12,151.3159,62.0472,37.5084,0.9485,N,(-3.42 1.94 7.54)e-3 + (-0.41 0.22 0.88)t,9,0.015,0.1,Y,,,,,,,0.0138,0.0241,Y,,,,,,,,,,,,
c5-nrm-all.dat,145,0.02820,0.000,12,154.7033,58.7628,35.1072,1.1105,N,(-3.99 1.96 7.50)e-3 + (-0.47 0.22 0.86)t,9,0.015,0.1,Y,,,,,,,0.0141,0.0241,Y,,,,,,,,,,,,
c5-nrm-all.dat,146,0.02844,0.000,12,157.4119,56.7949,25.0146,1.2865,N,(-4.33 1.89 7.46)e-3 + (-0.51 0.21 0.84)t,9,0.015,0.1,Y,,,,,,,0.0142,0.0242,Y,,,,,,,,,,,,
c5-nrm-all.dat,147,0.02740,0.000,12,159.7324,57.0049,20.4017,1.5244,N,(-4.22 1.68 7.28)e-3 + (-0.51 0.19 0.84)t,9,0.015,0.1,Y,,,,,,,0.0137,0.0244,Y,,,,,,,,,,,,
c5-nrm-all.dat,148,0.02471,0.000,12,162.1298,59.9613,17.8477,1.8409,N,(-3.55 1.31 6.86)e-3 + (-0.48 0.15 0.87)t,9,0.015,0.1,Y,,,,,,,0.0124,0.0245,Y,,,,,,,,,,,,
c5-nrm-all.dat,156,0.02668,0.000,12,333.8115,55.3672,17.3899,1.0334,N,(4.06 -2.01 6.70)e-3 + (0.51 -0.25 0.82)t,9,0.015,0.1,Y,,,,,,,0.0133,0.0233,Y,,,,,,,,,,,,
c5-nrm-all.dat,157,0.02816,0.000,12,334.1516,54.0861,13.6020,1.0817,N,(4.45 -2.18 6.97)e-3 + (0.53 -0.26 0.81)t,9,0.015,0.1,Y,,,,,,,0.0141,0.0234,Y,,,,,,,,,,,,
c5-nrm-all.dat,158,0.02884,0.000,12,334.7471,53.8079,12.6759,1.1228,N,(4.62 -2.25 7.12)e-3 + (0.53 -0.25 0.81)t,9,0.015,0.1,Y,,,,,,,0.0144,0.0234,Y,,,,,,,,,,,,
c5-nrm-all.dat,159,0.02908,0.000,12,335.4257,53.9190,13.4652,1.1243,N,(4.66 -2.26 7.19)e-3 + (0.54 -0.24 0.81)t,9,0.015,0.1,Y,,,,,,,0.0145,0.0235,Y,,,,,,,,,,,,
c5-nrm-all.dat,160,0.02908,0.000,12,335.7860,54.0729,14.5194,1.1045,N,(4.62 -2.28 7.20)e-3 + (0.54 -0.24 0.81)t,9,0.015,0.1,Y,,,,,,,0.0145,0.0235,Y,,,,,,,,,,,,
c5-nrm-all.dat,161,0.02885,0.000,12,335.4534,54.1260,17.3630,1.0807,N,(4.53 -2.34 7.14)e-3 + (0.53 -0.24 0.81)t,9,0.015,0.1,Y,,,,,,,0.0144,0.0234,Y,,,,,,,,,,,,
c5-nrm-all.dat,162,0.02826,0.000,12,334.3272,54.2532,20.2869,1.0565,N,(4.34 -2.40 6.99)e-3 + (0.53 -0.25 0.81)t,9,0.015,0.1,Y,,,,,,,0.0141,0.0234,Y,,,,,,,,,,,,
c5-nrm-all.dat,163,0.02723,0.000,12,332.7683,54.7370,22.5097,1.0711,N,(4.04 -2.42 6.76)e-3 + (0.51 -0.26 0.82)t,9,0.015,0.1,Y,,,,,,,0.0136,0.0233,Y,,,,,,,,,,,,
c5-nrm-all.dat,164,0.02596,0.000,12,331.5072,55.6493,22.1350,1.1416,N,(3.70 -2.34 6.52)e-3 + (0.50 -0.27 0.83)t,9,0.015,0.1,Y,,,,,,,0.0130,0.0233,Y,,,,,,,,,,,,
c5-nrm-all.dat,165,0.02476,0.000,12,331.2510,56.6930,19.2417,1.2398,N,(3.41 -2.17 6.30)e-3 + (0.48 -0.26 0.84)t,9,0.015,0.1,Y,,,,,,,0.0124,0.0232,Y,,,,,,,,,,,,
c5-nrm-all.dat,166,0.02384,0.000,12,332.0240,57.4311,16.7730,1.3150,N,(3.25 -1.97 6.14)e-3 + (0.48 -0.25 0.84)t,9,0.015,0.1,Y,,,,,,,0.0119,0.0232,Y,,,,,,,,,,,,
c5-nrm-all.dat,167,0.02317,0.000,12,333.6103,57.7505,15.4503,1.3161,N,(3.18 -1.77 6.00)e-3 + (0.48 -0.24 0.85)t,9,0.015,0.1,Y,,,,,,,0.0116,0.0233,Y,,,,,,,,,,,,
c5-nrm-all.dat,168,0.02265,0.000,12,335.2904,57.9668,14.8698,1.2577,N,(3.15 -1.61 5.88)e-3 + (0.48 -0.22 0.85)t,9,0.015,0.1,Y,,,,,,,0.0113,0.0233,Y,,,,,,,,,,,,
c5-nrm-all.dat,169,0.02227,0.000,12,336.5684,58.6638,15.9497,1.1699,N,(3.08 -1.48 5.83)e-3 + (0.48 -0.21 0.85)t,9,0.015,0.1,Y,,,,,,,0.0111,0.0233,Y,,,,,,,,,,,,
c5-nrm-all.dat,170,0.02215,0.000,12,337.5284,59.6918,17.8768,1.0615,N,(3.02 -1.38 5.84)e-3 + (0.47 -0.19 0.86)t,9,0.015,0.1,Y,,,,,,,0.0111,0.0233,Y,,,,,,,,,,,,
c5-nrm-all.dat,171,0.02254,0.000,12,338.4096,60.2534,19.6873,0.9913,N,(3.05 -1.34 5.94)e-3 + (0.46 -0.18 0.87)t,9,0.015,0.1,Y,,,,,,,0.0113,0.0232,Y,,,,,,,,,,,,
c5-nrm-all.dat,172,0.02349,0.000,12,339.3929,59.8346,18.9360,0.9986,N,(3.24 -1.36 6.12)e-3 + (0.47 -0.18 0.86)t,9,0.015,0.1,Y,,,,,,,0.0117,0.0231,Y,,,,,,,,,,,,
c5-nrm-all.dat,173,0.02499,0.000,12,340.5040,58.3600,16.7054,1.0660,N,(3.60 -1.42 6.35)e-3 + (0.49 -0.18 0.85)t,9,0.015,0.1,Y,,,,,,,0.0125,0.0229,Y,,,,,,,,,,,,
c5-nrm-all.dat,174,0.02673,0.000,12,341.7472,56.3695,16.1950,1.1564,N,(4.06 -1.48 6.61)e-3 + (0.53 -0.17 0.83)t,9,0.015,0.1,Y,,,,,,,0.0134,0.0227,Y,,,,,,,,,,,,
c5-nrm-all.dat,175,0.02851,0.000,12,343.3556,54.3936,16.9187,1.2448,N,(4.55 -1.49 6.86)e-3 + (0.56 -0.17 0.81)t,9,0.015,0.1,Y,,,,,,,0.0143,0.0226,Y,,,,,,,,,,,,
c5-nrm-all.dat,176,0.02994,0.000,12,345.2139,52.9988,16.2547,1.3040,N,(4.96 -1.43 7.11)e-3 + (0.58 -0.15 0.80)t,9,0.015,0.1,Y,,,,,,,0.0150,0.0226,Y,,,,,,,,,,,,
c5-nrm-all.dat,177,0.03086,0.000,12,346.9436,52.4930,15.1731,1.3265,N,(5.23 -1.33 7.32)e-3 + (0.59 -0.14 0.79)t,9,0.015,0.1,Y,,,,,,,0.0154,0.0227,Y,,,,,,,,,,,,
c5-nrm-all.dat,178,0.03131,0.000,12,348.1994,52.8130,13.5693,1.3275,N,(5.32 -1.26 7.49)e-3 + (0.59 -0.12 0.80)t,9,0.015,0.1,Y,,,,,,,0.0157,0.0228,Y,,,,,,,,,,,,
c5-nrm-all.dat,179,0.03137,0.000,12,348.9381,53.7245,12.5920,1.2552,N,(5.30 -1.22 7.62)e-3 + (0.58 -0.11 0.81)t,9,0.015,0.1,Y,,,,,,,0.0157,0.0229,Y,,,,,,,,,,,,
c5-nrm-all.dat,180,0.03125,0.000,12,349.4820,54.7692,14.0793,1.1701,N,(5.22 -1.20 7.70)e-3 + (0.57 -0.11 0.82)t,9,0.015,0.1,Y,,,,,,,0.0156,0.0231,Y,,,,,,,,,,,,
c5-nrm-all.dat,181,0.03115,0.000,12,350.3139,55.4568,16.9490,1.0669,N,(5.18 -1.15 7.77)e-3 + (0.56 -0.10 0.82)t,9,0.015,0.1,Y,,,,,,,0.0156,0.0232,Y,,,,,,,,,,,,
c5-nrm-all.dat,182,0.03123,0.000,12,351.3729,55.5383,19.8812,1.0027,N,(5.22 -1.08 7.84)e-3 + (0.56 -0.08 0.82)t,9,0.015,0.1,Y,,,,,,,0.0156,0.0234,Y,,,,,,,,,,,,
c5-nrm-all.dat,183,0.03147,0.000,12,351.9760,55.2008,21.3866,0.9680,N,(5.33 -1.05 7.93)e-3 + (0.57 -0.08 0.82)t,9,0.015,0.1,Y,,,,,,,0.0157,0.0236,Y,,,,,,,,,,,,
c5-nrm-all.dat,184,0.03177,0.000,12,351.3558,54.7505,21.9116,0.9571,N,(5.46 -1.12 8.03)e-3 + (0.57 -0.09 0.82)t,9,0.015,0.1,Y,,,,,,,0.0159,0.0238,Y,,,,,,,,,,,,
c5-nrm-all.dat,185,0.03208,0.000,12,349.4297,54.4004,18.7613,0.9128,N,(5.58 -1.29 8.13)e-3 + (0.57 -0.11 0.81)t,9,0.015,0.1,Y,,,,,,,0.0160,0.0240,Y,,,,,,,,,,,,
c5-nrm-all.dat,186,0.03257,0.000,12,346.6324,53.9783,18.0589,0.8472,N,(0.57 -0.15 0.83)e-2 + (0.57 -0.14 0.81)t,9,0.015,0.1,Y,,,,,,,0.0163,0.0241,Y,,,,,,,,,,,,
c5-nrm-all.dat,187,0.03340,0.000,12,344.0170,53.1953,18.3649,0.7980,N,(0.60 -0.18 0.84)e-2 + (0.58 -0.16 0.80)t,9,0.015,0.1,Y,,,,,,,0.0167,0.0242,Y,,,,,,,,,,,,
c5-nrm-all.dat,188,0.03453,0.000,12,342.5289,52.2176,18.7236,0.7786,N,(0.63 -0.21 0.86)e-2 + (0.58 -0.18 0.79)t,9,0.015,0.1,Y,,,,,,,0.0173,0.0242,Y,,,,,,,,,,,,
c5-nrm-all.dat,189,0.03559,0.000,12,342.6802,51.5711,19.5979,0.7760,N,(0.66 -0.21 0.88)e-2 + (0.59 -0.19 0.78)t,9,0.015,0.1,Y,,,,,,,0.0178,0.0241,Y,,,,,,,,,,,,
c5-nrm-all.dat,190,0.03656,0.000,12,344.1071,51.4415,20.3506,0.7826,N,(0.68 -0.20 0.90)e-2 + (0.60 -0.17 0.78)t,9,0.015,0.1,Y,,,,,,,0.0183,0.0241,Y,,,,,,,,,,,,
c5-nrm-all.dat,191,0.03748,0.000,12,346.1360,51.9960,21.1023,0.7744,N,(0.68 -0.19 0.92)e-2 + (0.60 -0.15 0.79)t,9,0.015,0.1,Y,,,,,,,0.0187,0.0240,Y,,,,,,,,,,,,
c5-nrm-all.dat,192,0.03809,0.000,12,348.0217,53.1295,19.1468,0.7024,N,(0.67 -0.17 0.95)e-2 + (0.59 -0.12 0.80)t,9,0.015,0.1,Y,,,,,,,0.0190,0.0239,Y,,,,,,,,,,,,
c5-nrm-all.dat,193,0.03822,0.000,12,349.3169,54.5873,22.3869,0.6347,N,(0.65 -0.16 0.97)e-2 + (0.57 -0.11 0.81)t,9,0.015,0.1,Y,,,,,,,0.0191,0.0238,Y,,,,,,,,,,,,
c5-nrm-all.dat,194,0.03774,0.000,12,350.0162,56.4812,23.6771,0.5361,N,(0.60 -0.15 0.97)e-2 + (0.54 -0.10 0.83)t,9,0.015,0.1,Y,,,,,,,0.0189,0.0236,Y,,,,,,,,,,,,
c5-nrm-all.dat,195,0.03686,0.000,12,349.8342,58.8185,26.3933,0.4731,N,(0.54 -0.15 0.97)e-2 + (0.51 -0.09 0.86)t,9,0.015,0.1,Y,,,,,,,0.0184,0.0235,Y,,,,,,,,,,,,
c5-nrm-all.dat,196,0.03592,0.000,12,347.9348,61.3096,33.1818,0.4398,N,(0.48 -0.15 0.96)e-2 + (0.47 -0.10 0.88)t,9,0.015,0.1,Y,,,,,,,0.0180,0.0234,Y,,,,,,,,,,,,
c5-nrm-all.dat,197,0.03535,0.000,12,343.8016,62.6987,24.1928,0.5679,N,(0.45 -0.18 0.96)e-2 + (0.44 -0.13 0.89)t,9,0.015,0.1,Y,,,,,,,0.0177,0.0234,Y,,,,,,,,,,,,
c5-nrm-all.dat,198,0.03540,0.000,12,338.4968,61.9323,17.4375,0.7182,N,(0.46 -0.22 0.95)e-2 + (0.44 -0.17 0.88)t,9,0.015,0.1,Y,,,,,,,0.0177,0.0235,Y,,,,,,,,,,,,
c5-nrm-all.dat,199,0.03617,0.000,12,334.6436,59.2736,19.0955,0.7787,N,(0.51 -0.27 0.95)e-2 + (0.46 -0.22 0.86)t,9,0.015,0.1,Y,,,,,,,0.0181,0.0236,Y,,,,,,,,,,,,
c5-nrm-all.dat,200,0.03742,0.000,12,333.5235,56.1379,19.9783,0.7261,N,(0.58 -0.30 0.95)e-2 + (0.50 -0.25 0.83)t,9,0.015,0.1,Y,,,,,,,0.0187,0.0237,Y,,,,,,,,,,,,
c5-nrm-all.dat,201,0.03901,0.000,12,334.5748,53.5867,20.3153,0.6809,N,(0.65 -0.31 0.95)e-2 + (0.54 -0.25 0.80)t,9,0.015,0.1,Y,,,,,,,0.0195,0.0236,Y,,,,,,,,,,,,
c5-nrm-all.dat,202,0.04062,0.000,12,336.8580,52.7512,22.8482,0.6493,N,(0.69 -0.28 0.97)e-2 + (0.56 -0.24 0.80)t,9,0.015,0.1,Y,,,,,,,0.0203,0.0233,Y,,,,,,,,,,,,
c5-nrm-all.dat,203,0.04202,0.000,12,339.1474,53.8093,27.1719,0.6307,N,(0.69 -0.25 1.01)e-2 + (0.55 -0.21 0.81)t,9,0.015,0.1,Y,,,,,,,0.0210,0.0231,Y,,,,,,,,,,,,
c5-nrm-all.dat,204,0.04367,0.000,12,339.7167,55.9209,31.3740,0.6254,N,(0.67 -0.24 1.06)e-2 + (0.53 -0.19 0.83)t,9,0.015,0.1,Y,,,,,,,0.0218,0.0228,Y,,,,,,,,,,,,
c5-nrm-all.dat,205,0.04578,0.000,12,337.0328,57.8743,25.3915,0.5870,N,(0.64 -0.27 1.13)e-2 + (0.49 -0.21 0.85)t,9,0.015,0.1,Y,,,,,,,0.0229,0.0226,Y,,,,,,,,,,,,
c5-nrm-all.dat,206,0.04835,0.000,12,331.3817,58.2290,22.9535,0.5458,N,(0.64 -0.35 1.19)e-2 + (0.46 -0.25 0.85)t,9,0.015,0.1,Y,,,,,,,0.0242,0.0225,Y,,,,,,,,,,,,
c5-nrm-all.dat,207,0.05109,0.000,12,326.0123,56.6822,23.0410,0.5006,N,(0.67 -0.44 1.23)e-2 + (0.46 -0.31 0.84)t,9,0.015,0.1,Y,,,,,,,0.0255,0.0225,Y,,,,,,,,,,,,
c5-nrm-all.dat,208,0.05282,0.000,12,323.6001,54.8143,21.6772,0.4706,N,(0.71 -0.50 1.25)e-2 + (0.46 -0.34 0.82)t,9,0.015,0.1,Y,,,,,,,0.0264,0.0225,Y,,,,,,,,,,,,
c5-nrm-all.dat,209,0.05300,0.000,12,324.4251,53.9915,18.3201,0.5417,N,(0.74 -0.50 1.25)e-2 + (0.48 -0.34 0.81)t,9,0.015,0.1,Y,,,,,,,0.0265,0.0225,Y,,,,,,,,,,,,
c5-nrm-all.dat,210,0.05210,0.000,12,327.7590,54.4885,19.5072,0.6240,N,(0.75 -0.45 1.25)e-2 + (0.49 -0.31 0.81)t,9,0.015,0.1,Y,,,,,,,0.0261,0.0227,Y,,,,,,,,,,,,
c5-nrm-all.dat,211,0.05098,0.000,12,331.9720,55.8810,22.1160,0.6244,N,(0.73 -0.38 1.26)e-2 + (0.50 -0.26 0.83)t,9,0.015,0.1,Y,,,,,,,0.0255,0.0230,Y,,,,,,,,,,,,
c5-nrm-all.dat,212,0.04987,0.000,12,335.0821,57.4648,24.9202,0.5768,N,(0.71 -0.33 1.27)e-2 + (0.49 -0.23 0.84)t,9,0.015,0.1,Y,,,,,,,0.0249,0.0234,Y,,,,,,,,,,,,
c5-nrm-all.dat,213,0.04873,0.000,12,335.8471,58.8816,30.8925,0.4719,N,(0.68 -0.32 1.28)e-2 + (0.47 -0.21 0.86)t,9,0.015,0.1,Y,,,,,,,0.0244,0.0238,Y,,,,,,,,,,,,
c5-nrm-all.dat,214,0.04757,0.000,12,334.2730,60.1992,33.4558,0.4449,N,(0.63 -0.33 1.28)e-2 + (0.45 -0.22 0.87)t,9,0.015,0.1,Y,,,,,,,0.0238,0.0241,Y,,,,,,,,,,,,
c5-nrm-all.dat,215,0.04663,0.000,12,331.2080,61.7549,39.3022,0.4305,N,(0.59 -0.35 1.29)e-2 + (0.41 -0.23 0.88)t,9,0.015,0.1,Y,,,,,,,0.0233,0.0244,Y,,,,,,,,,,,,
c5-nrm-all.dat,216,0.04629,0.000,12,328.0901,63.1387,35.5896,0.4364,N,(0.55 -0.38 1.30)e-2 + (0.38 -0.24 0.89)t,9,0.015,0.1,Y,,,,,,,0.0231,0.0246,Y,,,,,,,,,,,,
c5-nrm-all.dat,217,0.04659,0.000,12,326.1204,63.7354,28.1135,0.4698,N,(0.54 -0.39 1.32)e-2 + (0.37 -0.25 0.90)t,9,0.015,0.1,Y,,,,,,,0.0233,0.0247,Y,,,,,,,,,,,,
c5-nrm-all.dat,218,0.04718,0.000,12,325.8505,63.6230,20.6813,0.5061,N,(0.55 -0.40 1.33)e-2 + (0.37 -0.25 0.90)t,9,0.015,0.1,Y,,,,,,,0.0236,0.0246,Y,,,,,,,,,,,,
c5-nrm-all.dat,219,0.04755,0.000,12,327.0246,63.1827,15.6609,0.5720,N,(0.57 -0.39 1.33)e-2 + (0.38 -0.25 0.89)t,9,0.015,0.1,Y,,,,,,,0.0238,0.0245,Y,,,,,,,,,,,,
c5-nrm-all.dat,220,0.04754,0.000,12,329.4039,62.5074,17.2522,0.6478,N,(0.59 -0.37 1.32)e-2 + (0.40 -0.23 0.89)t,9,0.015,0.1,Y,,,,,,,0.0238,0.0244,Y,,,,,,,,,,,,
c5-nrm-all.dat,221,0.04737,0.000,12,332.2154,61.8087,20.3149,0.6936,N,(0.61 -0.34 1.30)e-2 + (0.42 -0.22 0.88)t,9,0.015,0.1,Y,,,,,,,0.0237,0.0242,Y,,,,,,,,,,,,
c5-nrm-all.dat,222,0.04730,0.000,12,334.5800,61.1973,21.1038,0.6844,N,(0.62 -0.31 1.28)e-2 + (0.44 -0.21 0.88)t,9,0.015,0.1,Y,,,,,,,0.0236,0.0240,Y,,,,,,,,,,,,
c5-nrm-all.dat,223,0.04752,0.000,12,335.3562,60.6321,21.0028,0.6520,N,(0.63 -0.30 1.27)e-2 + (0.45 -0.20 0.87)t,9,0.015,0.1,Y,,,,,,,0.0238,0.0238,Y,,,,,,,,,,,,
c5-nrm-all.dat,224,0.04792,0.000,12,334.4061,60.4785,21.6082,0.6638,N,(0.63 -0.31 1.26)e-2 + (0.44 -0.21 0.87)t,9,0.015,0.1,Y,,,,,,,0.0240,0.0235,Y,,,,,,,,,,,,
c5-nrm-all.dat,225,0.04826,0.000,12,332.8083,61.4690,20.2579,0.7716,N,(0.60 -0.32 1.28)e-2 + (0.42 -0.22 0.88)t,9,0.015,0.1,Y,,,,,,,0.0241,0.0234,Y,,,,,,,,,,,,
c5-nrm-all.dat,226,0.04853,0.000,12,331.4888,64.0587,16.6102,0.8657,N,(0.54 -0.31 1.32)e-2 + (0.38 -0.21 0.90)t,9,0.015,0.1,Y,,,,,,,0.0243,0.0234,Y,,,,,,,,,,,,
c5-nrm-all.dat,227,0.04937,0.000,12,331.0588,68.2879,15.8115,0.9988,N,(0.46 -0.28 1.41)e-2 + (0.32 -0.18 0.93)t,9,0.015,0.1,Y,,,,,,,0.0247,0.0236,Y,,,,,,,,,,,,
c5-nrm-all.dat,228,0.05190,0.000,12,331.6920,73.0962,15.2696,1.0158,N,(0.37 -0.24 1.56)e-2 + (0.26 -0.14 0.96)t,9,0.015,0.1,Y,,,,,,,0.0259,0.0242,Y,,,,,,,,,,,,
c5-nrm-all.dat,229,0.05666,0.000,12,333.0392,76.5427,14.8081,0.9741,N,(0.32 -0.22 1.78)e-2 + (0.21 -0.11 0.97)t,9,0.015,0.1,Y,,,,,,,0.0283,0.0248,Y,,,,,,,,,,,,
c5-nrm-all.dat,230,0.06365,0.000,12,334.4932,77.6434,16.9402,0.8181,N,(0.34 -0.22 2.05)e-2 + (0.19 -0.09 0.98)t,9,0.015,0.1,Y,,,,,,,0.0318,0.0254,Y,,,,,,,,,,,,
c5-nrm-all.dat,231,0.07198,0.000,12,334.7896,75.9537,25.5413,0.6822,N,(0.47 -0.29 2.36)e-2 + (0.22 -0.10 0.97)t,9,0.015,0.1,Y,,,,,,,0.0360,0.0261,Y,,,,,,,,,,,,
c5-nrm-all.dat,232,0.08149,0.000,12,332.9088,72.0095,42.2389,0.4909,N,(0.72 -0.44 2.67)e-2 + (0.27 -0.14 0.95)t,9,0.015,0.1,Y,,,,,,,0.0407,0.0265,Y,,,,,,,,,,,,
c5-nrm-all.dat,233,0.09170,0.000,12,329.9233,66.1847,23.6389,0.5539,N,(1.10 -0.70 2.93)e-2 + (0.35 -0.20 0.91)t,9,0.015,0.1,Y,,,,,,,0.0459,0.0269,Y,,,,,,,,,,,,
c5-nrm-all.dat,234,0.1007,0.000,12,327.8175,59.8726,17.7726,0.5898,N,(1.54 -1.01 3.07)e-2 + (0.42 -0.27 0.86)t,9,0.015,0.1,Y,,,,,,,0.0504,0.0272,Y,,,,,,,,,,,,
c5-nrm-all.dat,235,0.1059,0.000,12,326.9928,54.1330,17.6065,0.5475,N,(1.91 -1.25 3.03)e-2 + (0.49 -0.32 0.81)t,9,0.015,0.1,Y,,,,,,,0.0529,0.0273,Y,,,,,,,,,,,,
c5-nrm-all.dat,236,0.1041,0.000,12,327.5239,49.8979,15.9610,0.5609,N,(2.08 -1.32 2.79)e-2 + (0.54 -0.35 0.76)t,9,0.015,0.1,Y,,,,,,,0.0521,0.0271,Y,,,,,,,,,,,,
c5-nrm-all.dat,237,0.09556,0.000,12,329.2724,47.5937,16.1818,0.5698,N,(2.02 -1.19 2.42)e-2 + (0.58 -0.34 0.74)t,9,0.015,0.1,Y,,,,,,,0.0478,0.0266,Y,,,,,,,,,,,,
c5-nrm-all.dat,238,0.08184,0.000,12,331.7181,47.9272,24.5472,0.6878,N,(1.72 -0.92 2.03)e-2 + (0.59 -0.32 0.74)t,9,0.015,0.1,Y,,,,,,,0.0409,0.0257,Y,,,,,,,,,,,,
c5-nrm-all.dat,239,0.06684,0.000,12,334.4283,51.0088,32.0971,0.8091,N,(1.31 -0.63 1.69)e-2 + (0.57 -0.27 0.78)t,9,0.015,0.1,Y,,,,,,,0.0334,0.0249,Y,,,,,,,,,,,,
c5-nrm-all.dat,240,0.05429,0.000,12,337.6254,56.0509,37.0160,0.8064,N,(0.94 -0.39 1.43)e-2 + (0.52 -0.21 0.83)t,9,0.015,0.1,Y,,,,,,,0.0271,0.0244,Y,,,,,,,,,,,,
c5-nrm-all.dat,241,0.04509,0.000,12,342.2235,61.7078,30.2472,0.7551,N,(0.65 -0.22 1.25)e-2 + (0.45 -0.14 0.88)t,9,0.015,0.1,Y,,,,,,,0.0225,0.0242,Y,,,,,,,,,,,,
c5-nrm-all.dat,242,0.04003,0.000,12,347.5578,64.9353,23.6555,0.6461,N,(0.50 -0.11 1.15)e-2 + (0.41 -0.09 0.91)t,9,0.015,0.1,Y,,,,,,,0.0200,0.0241,Y,,,,,,,,,,,,
c5-nrm-all.dat,243,0.03784,0.000,12,351.0754,64.4841,24.2237,0.6081,N,(0.47 -0.07 1.08)e-2 + (0.43 -0.07 0.90)t,9,0.015,0.1,Y,,,,,,,0.0189,0.0241,Y,,,,,,,,,,,,
c5-nrm-all.dat,244,0.03750,0.000,12,350.6792,61.1462,23.0716,0.6466,N,(0.52 -0.08 1.04)e-2 + (0.48 -0.08 0.88)t,9,0.015,0.1,Y,,,,,,,0.0187,0.0241,Y,,,,,,,,,,,,
c5-nrm-all.dat,245,0.03802,0.000,12,347.9101,56.6598,20.7174,0.7530,N,(0.61 -0.12 1.01)e-2 + (0.54 -0.12 0.84)t,9,0.015,0.1,Y,,,,,,,0.0190,0.0241,Y,,,,,,,,,,,,
c5-nrm-all.dat,246,0.03852,0.000,12,345.0053,52.3073,21.3587,0.8096,N,(0.69 -0.18 0.97)e-2 + (0.59 -0.16 0.79)t,9,0.015,0.1,Y,,,,,,,0.0193,0.0241,Y,,,,,,,,,,,,
c5-nrm-all.dat,247,0.03827,0.000,12,342.9040,48.4464,16.3524,0.9985,N,(0.74 -0.22 0.90)e-2 + (0.63 -0.19 0.75)t,9,0.015,0.1,Y,,,,,,,0.0191,0.0240,Y,,,,,,,,,,,,
c5-nrm-all.dat,248,0.03682,0.000,12,342.1437,45.2173,13.9738,1.0720,N,(0.75 -0.24 0.82)e-2 + (0.67 -0.22 0.71)t,9,0.015,0.1,Y,,,,,,,0.0184,0.0239,Y,,,,,,,,,,,,
c5-nrm-all.dat,256,0.03837,0.000,12,148.8912,44.6161,12.0309,0.8608,N,(-0.71 0.38 0.83)e-2 + (-0.61 0.37 0.70)t,9,0.015,0.1,Y,,,,,,,0.0192,0.0236,Y,,,,,,,,,,,,
c5-nrm-all.dat,257,0.03907,0.000,12,148.0776,47.1882,14.4308,0.8348,N,(-0.69 0.38 0.89)e-2 + (-0.58 0.36 0.73)t,9,0.015,0.1,Y,,,,,,,0.0195,0.0238,Y,,,,,,,,,,,,
c5-nrm-all.dat,258,0.03927,0.000,12,147.0507,49.1041,16.7987,0.8386,N,(-0.67 0.38 0.93)e-2 + (-0.55 0.36 0.76)t,9,0.015,0.1,Y,,,,,,,0.0196,0.0239,Y,,,,,,,,,,,,
c5-nrm-all.dat,259,0.03903,0.000,12,145.8630,50.6916,18.2070,0.9055,N,(-0.64 0.39 0.95)e-2 + (-0.52 0.36 0.77)t,9,0.015,0.1,Y,,,,,,,0.0195,0.0241,Y,,,,,,,,,,,,
c5-nrm-all.dat,260,0.03857,0.000,12,144.8807,51.8730,20.6894,0.9608,N,(-0.61 0.39 0.96)e-2 + (-0.51 0.36 0.79)t,9,0.015,0.1,Y,,,,,,,0.0193,0.0243,Y,,,,,,,,,,,,
c5-nrm-all.dat,261,0.03818,0.000,12,144.5280,52.4352,23.1384,1.0407,N,(-0.59 0.39 0.97)e-2 + (-0.50 0.35 0.79)t,9,0.015,0.1,Y,,,,,,,0.0191,0.0244,Y,,,,,,,,,,,,
c5-nrm-all.dat,262,0.03819,0.000,12,145.1368,52.2908,26.0165,1.0921,N,(-0.60 0.40 0.96)e-2 + (-0.50 0.35 0.79)t,9,0.015,0.1,Y,,,,,,,0.0191,0.0245,Y,,,,,,,,,,,,
c5-nrm-all.dat,263,0.03874,0.000,12,146.5189,51.8183,29.4503,1.0907,N,(-0.62 0.40 0.97)e-2 + (-0.52 0.34 0.79)t,9,0.015,0.1,Y,,,,,,,0.0194,0.0245,Y,,,,,,,,,,,,
c5-nrm-all.dat,264,0.03943,0.000,12,147.7983,51.8938,32.9430,1.0165,N,(-0.64 0.40 0.99)e-2 + (-0.52 0.33 0.79)t,9,0.015,0.1,Y,,,,,,,0.0197,0.0245,Y,,,,,,,,,,,,
c5-nrm-all.dat,265,0.03975,0.000,12,148.2893,53.0150,38.2292,0.8852,N,(-0.64 0.39 1.01)e-2 + (-0.51 0.32 0.80)t,9,0.015,0.1,Y,,,,,,,0.0199,0.0245,Y,,,,,,,,,,,,
c5-nrm-all.dat,266,0.03936,0.000,12,147.5021,54.9283,42.2871,0.8188,N,(-0.60 0.38 1.03)e-2 + (-0.48 0.31 0.82)t,9,0.015,0.1,Y,,,,,,,0.0197,0.0247,Y,,,,,,,,,,,,
c5-nrm-all.dat,267,0.03853,0.000,12,145.4281,56.8942,44.0451,0.7756,N,(-0.55 0.37 1.04)e-2 + (-0.45 0.31 0.84)t,9,0.015,0.1,Y,,,,,,,0.0193,0.0248,Y,,,,,,,,,,,,
c5-nrm-all.dat,268,0.03781,0.000,12,142.6398,57.7462,40.0153,0.8004,N,(-0.52 0.38 1.04)e-2 + (-0.42 0.32 0.85)t,9,0.015,0.1,Y,,,,,,,0.0189,0.0249,Y,,,,,,,,,,,,
c5-nrm-all.dat,269,0.03761,0.000,12,140.2772,56.6708,34.3527,0.8647,N,(-0.53 0.40 1.02)e-2 + (-0.42 0.35 0.84)t,9,0.015,0.1,Y,,,,,,,0.0188,0.0250,Y,,,,,,,,,,,,
c5-nrm-all.dat,270,0.03801,0.000,12,139.0234,54.3260,31.9351,0.8980,N,(-0.57 0.43 1.01)e-2 + (-0.44 0.38 0.81)t,9,0.015,0.1,Y,,,,,,,0.0190,0.0251,Y,,,,,,,,,,,,
c5-nrm-all.dat,271,0.03883,0.000,12,138.6868,51.9761,28.3751,0.9484,N,(-0.62 0.47 1.00)e-2 + (-0.46 0.41 0.79)t,9,0.015,0.1,Y,,,,,,,0.0194,0.0251,Y,,,,,,,,,,,,
c5-nrm-all.dat,272,0.03951,0.000,12,138.9036,50.7142,27.2903,0.8831,N,(-0.65 0.49 1.00)e-2 + (-0.48 0.42 0.77)t,9,0.015,0.1,Y,,,,,,,0.0198,0.0251,Y,,,,,,,,,,,,
c5-nrm-all.dat,273,0.03963,0.000,12,139.2053,50.7724,26.0156,0.8462,N,(-0.65 0.49 1.01)e-2 + (-0.48 0.41 0.77)t,9,0.015,0.1,Y,,,,,,,0.0198,0.0252,Y,,,,,,,,,,,,
c5-nrm-all.dat,274,0.03925,0.000,12,139.2448,51.7394,23.5725,0.8625,N,(-0.63 0.48 1.01)e-2 + (-0.47 0.40 0.79)t,9,0.015,0.1,Y,,,,,,,0.0196,0.0252,Y,,,,,,,,,,,,
c5-nrm-all.dat,275,0.03876,0.000,12,138.9387,52.9003,21.9242,0.8438,N,(-0.61 0.47 1.02)e-2 + (-0.45 0.40 0.80)t,9,0.015,0.1,Y,,,,,,,0.0194,0.0253,Y,,,,,,,,,,,,
c5-nrm-all.dat,276,0.03852,0.000,12,138.5184,53.7018,22.6517,0.7873,N,(-0.59 0.47 1.03)e-2 + (-0.44 0.39 0.81)t,9,0.015,0.1,Y,,,,,,,0.0193,0.0255,Y,,,,,,,,,,,,
c5-nrm-all.dat,277,0.03866,0.000,12,138.6050,54.0805,27.5788,0.7114,N,(-0.59 0.48 1.04)e-2 + (-0.44 0.39 0.81)t,9,0.015,0.1,Y,,,,,,,0.0193,0.0257,Y,,,,,,,,,,,,
c5-nrm-all.dat,278,0.03911,0.000,12,139.6256,54.3408,35.1779,0.6474,N,(-0.61 0.49 1.06)e-2 + (-0.44 0.38 0.81)t,9,0.015,0.1,Y,,,,,,,0.0196,0.0260,Y,,,,,,,,,,,,
c5-nrm-all.dat,279,0.03978,0.000,12,141.5662,54.7473,41.4393,0.6527,N,(-0.62 0.47 1.09)e-2 + (-0.45 0.36 0.82)t,9,0.015,0.1,Y,,,,,,,0.0199,0.0260,Y,,,,,,,,,,,,
c5-nrm-all.dat,280,0.04045,0.000,12,143.9677,55.2867,38.6629,0.7322,N,(-0.63 0.45 1.12)e-2 + (-0.46 0.33 0.82)t,9,0.015,0.1,Y,,,,,,,0.0202,0.0260,Y,,,,,,,,,,,,
c5-nrm-all.dat,281,0.04094,0.000,12,145.9856,55.9107,33.5355,0.8382,N,(-0.62 0.42 1.14)e-2 + (-0.46 0.31 0.83)t,9,0.015,0.1,Y,,,,,,,0.0205,0.0257,Y,,,,,,,,,,,,
c5-nrm-all.dat,282,0.04101,0.000,12,147.4370,56.7631,28.8496,0.9233,N,(-0.60 0.39 1.14)e-2 + (-0.46 0.30 0.84)t,9,0.015,0.1,Y,,,,,,,0.0205,0.0254,Y,,,,,,,,,,,,
c5-nrm-all.dat,283,0.04064,0.000,12,148.3945,57.5297,27.5954,0.9287,N,(-0.58 0.36 1.13)e-2 + (-0.46 0.28 0.84)t,9,0.015,0.1,Y,,,,,,,0.0203,0.0251,Y,,,,,,,,,,,,
c5-nrm-all.dat,284,0.03998,0.000,12,148.9391,57.4578,28.5976,0.9147,N,(-0.57 0.33 1.10)e-2 + (-0.46 0.28 0.84)t,9,0.015,0.1,Y,,,,,,,0.0200,0.0248,Y,,,,,,,,,,,,
c5-nrm-all.dat,285,0.03951,0.000,12,148.4809,55.7451,27.3852,0.9023,N,(-0.58 0.33 1.06)e-2 + (-0.48 0.29 0.83)t,9,0.015,0.1,Y,,,,,,,0.0198,0.0245,Y,,,,,,,,,,,,
c5-nrm-all.dat,286,0.03975,0.000,12,146.7270,52.6039,25.1711,0.9342,N,(-0.63 0.36 1.02)e-2 + (-0.51 0.33 0.79)t,9,0.015,0.1,Y,,,,,,,0.0199,0.0243,Y,,,,,,,,,,,,
c5-nrm-all.dat,287,0.04084,0.000,12,144.0461,49.2804,26.6360,0.8163,N,(-0.68 0.43 0.99)e-2 + (-0.53 0.38 0.76)t,9,0.015,0.1,Y,,,,,,,0.0204,0.0243,Y,,,,,,,,,,,,
c5-nrm-all.dat,288,0.04232,0.000,12,141.2012,47.0441,25.7438,0.7708,N,(-0.73 0.50 0.99)e-2 + (-0.53 0.43 0.73)t,9,0.015,0.1,Y,,,,,,,0.0212,0.0242,Y,,,,,,,,,,,,
c5-nrm-all.dat,289,0.04348,0.000,12,138.5758,46.4508,24.0027,0.7466,N,(-0.73 0.56 1.00)e-2 + (-0.52 0.46 0.72)t,9,0.015,0.1,Y,,,,,,,0.0217,0.0242,Y,,,,,,,,,,,,
c5-nrm-all.dat,290,0.04395,0.000,12,136.6975,47.1853,24.0262,0.7817,N,(-0.71 0.58 1.01)e-2 + (-0.49 0.47 0.73)t,9,0.015,0.1,Y,,,,,,,0.0220,0.0240,Y,,,,,,,,,,,,
c5-nrm-all.dat,291,0.04386,0.000,12,136.1719,48.7468,22.8055,0.8306,N,(-0.68 0.57 1.03)e-2 + (-0.48 0.46 0.75)t,9,0.015,0.1,Y,,,,,,,0.0219,0.0239,Y,,,,,,,,,,,,
c5-nrm-all.dat,292,0.04360,0.000,12,137.4387,50.3314,23.0164,0.8739,N,(-0.65 0.53 1.05)e-2 + (-0.47 0.43 0.77)t,9,0.015,0.1,Y,,,,,,,0.0218,0.0238,Y,,,,,,,,,,,,
c5-nrm-all.dat,293,0.04357,0.000,12,140.3351,51.1090,21.0526,0.9324,N,(-0.66 0.50 1.06)e-2 + (-0.48 0.40 0.78)t,9,0.015,0.1,Y,,,,,,,0.0218,0.0239,Y,,,,,,,,,,,,
c5-nrm-all.dat,294,0.04394,0.000,12,143.4730,50.9307,22.2366,0.9612,N,(-0.70 0.47 1.07)e-2 + (-0.51 0.38 0.78)t,9,0.015,0.1,Y,,,,,,,0.0220,0.0240,Y,,,,,,,,,,,,
c5-nrm-all.dat,295,0.04459,0.000,12,145.7099,50.4666,22.6989,0.9027,N,(-0.73 0.46 1.08)e-2 + (-0.53 0.36 0.77)t,9,0.015,0.1,Y,,,,,,,0.0223,0.0241,Y,,,,,,,,,,,,
c5-nrm-all.dat,296,0.04513,0.000,12,147.0039,50.4145,27.6891,0.8354,N,(-0.76 0.46 1.10)e-2 + (-0.53 0.35 0.77)t,9,0.015,0.1,Y,,,,,,,0.0226,0.0243,Y,,,,,,,,,,,,
c5-nrm-all.dat,297,0.04525,0.000,12,147.6883,50.9745,36.4080,0.7772,N,(-0.76 0.45 1.12)e-2 + (-0.53 0.34 0.78)t,9,0.015,0.1,Y,,,,,,,0.0226,0.0244,Y,,,,,,,,,,,,
c5-nrm-all.dat,298,0.04490,0.000,12,148.1525,51.9492,33.9448,0.8091,N,(-0.75 0.43 1.13)e-2 + (-0.52 0.33 0.79)t,9,0.015,0.1,Y,,,,,,,0.0225,0.0246,Y,,,,,,,,,,,,
c5-nrm-all.dat,299,0.04444,0.000,12,148.6579,52.9150,26.8219,0.8504,N,(-0.74 0.42 1.14)e-2 + (-0.52 0.31 0.80)t,9,0.015,0.1,Y,,,,,,,0.0222,0.0247,Y,,,,,,,,,,,,
c5-nrm-all.dat,300,0.04414,0.000,12,149.2477,53.5744,25.7517,0.8899,N,(-0.73 0.40 1.15)e-2 + (-0.51 0.30 0.80)t,9,0.015,0.1,Y,,,,,,,0.0221,0.0248,Y,,,,,,,,,,,,
c5-nrm-all.dat,301,0.04399,0.000,12,149.9376,53.9486,27.7846,0.9253,N,(-0.72 0.40 1.15)e-2 + (-0.51 0.29 0.81)t,9,0.015,0.1,Y,,,,,,,0.0220,0.0247,Y,,,,,,,,,,,,
c5-nrm-all.dat,302,0.04399,0.000,12,150.3024,53.9937,26.5642,0.9831,N,(-0.71 0.40 1.15)e-2 + (-0.51 0.29 0.81)t,9,0.015,0.1,Y,,,,,,,0.0220,0.0246,Y,,,,,,,,,,,,
c5-nrm-all.dat,303,0.04408,0.000,12,149.8359,53.8569,20.8108,1.0506,N,(-0.71 0.41 1.15)e-2 + (-0.51 0.30 0.81)t,9,0.015,0.1,Y,,,,,,,0.0220,0.0245,Y,,,,,,,,,,,,
c5-nrm-all.dat,304,0.04419,0.000,12,148.6352,53.8318,14.8446,1.1018,N,(-0.70 0.42 1.14)e-2 + (-0.50 0.31 0.81)t,9,0.015,0.1,Y,,,,,,,0.0221,0.0244,Y,,,,,,,,,,,,
c5-nrm-all.dat,305,0.04425,0.000,12,146.9301,54.0440,10.6178,1.1313,N,(-0.68 0.43 1.14)e-2 + (-0.49 0.32 0.81)t,9,0.015,0.1,Y,,,,,,,0.0221,0.0243,Y,,,,,,,,,,,,
c5-nrm-all.dat,306,0.04423,0.000,12,144.9646,54.5099,12.0470,1.1357,N,(-0.66 0.44 1.14)e-2 + (-0.48 0.33 0.81)t,9,0.015,0.1,Y,,,,,,,0.0221,0.0241,Y,,,,,,,,,,,,
c5-nrm-all.dat,307,0.04417,0.000,12,143.1654,55.2312,14.0200,1.1518,N,(-0.63 0.44 1.14)e-2 + (-0.46 0.34 0.82)t,9,0.015,0.1,Y,,,,,,,0.0221,0.0240,Y,,,,,,,,,,,,
c5-nrm-all.dat,308,0.04411,0.000,12,142.1061,56.2374,18.7344,1.2383,N,(-0.60 0.43 1.14)e-2 + (-0.44 0.34 0.83)t,9,0.015,0.1,Y,,,,,,,0.0221,0.0239,Y,,,,,,,,,,,,
c5-nrm-all.dat,309,0.04415,0.000,12,142.2328,57.3052,23.5784,1.3437,N,(-0.58 0.42 1.16)e-2 + (-0.43 0.33 0.84)t,9,0.015,0.1,Y,,,,,,,0.0221,0.0238,Y,,,,,,,,,,,,
c5-nrm-all.dat,310,0.04429,0.000,12,143.3381,58.3014,27.6008,1.4020,N,(-0.57 0.40 1.17)e-2 + (-0.42 0.31 0.85)t,9,0.015,0.1,Y,,,,,,,0.0221,0.0238,Y,,,,,,,,,,,,
c5-nrm-all.dat,311,0.04452,0.000,12,144.8643,59.3843,31.1821,1.4124,N,(-0.56 0.38 1.18)e-2 + (-0.42 0.29 0.86)t,9,0.015,0.1,Y,,,,,,,0.0223,0.0237,Y,,,,,,,,,,,,
c5-nrm-all.dat,312,0.04483,0.000,12,146.0538,60.5895,34.0789,1.3960,N,(-0.55 0.37 1.19)e-2 + (-0.41 0.27 0.87)t,9,0.015,0.1,Y,,,,,,,0.0224,0.0236,Y,,,,,,,,,,,,
c5-nrm-all.dat,313,0.04503,0.000,12,146.4608,61.7751,32.3659,1.3793,N,(-0.54 0.38 1.20)e-2 + (-0.39 0.26 0.88)t,9,0.015,0.1,Y,,,,,,,0.0225,0.0235,Y,,,,,,,,,,,,
c5-nrm-all.dat,314,0.04487,0.000,12,146.2757,62.6800,28.7148,1.4306,N,(-0.52 0.38 1.21)e-2 + (-0.38 0.25 0.89)t,9,0.015,0.1,Y,,,,,,,0.0224,0.0235,Y,,,,,,,,,,,,
c5-nrm-all.dat,315,0.04438,0.000,12,145.8471,63.0012,29.2312,1.7368,N,(-0.50 0.38 1.20)e-2 + (-0.38 0.25 0.89)t,9,0.015,0.1,Y,,,,,,,0.0222,0.0235,Y,,,,,,,,,,,,
c5-nrm-all.dat,316,0.04385,0.000,12,145.6930,62.4987,26.0742,2.2061,N,(-0.50 0.37 1.19)e-2 + (-0.38 0.26 0.89)t,9,0.015,0.1,Y,,,,,,,0.0219,0.0235,Y,,,,,,,,,,,,
c5-nrm-all.dat,317,0.04342,0.000,12,145.9214,61.3839,19.1826,2.5520,N,(-0.52 0.35 1.18)e-2 + (-0.40 0.27 0.88)t,9,0.015,0.1,Y,,,,,,,0.0217,0.0235,Y,,,,,,,,,,,,
c5-nrm-all.dat,318,0.04302,0.000,12,146.1566,60.2267,11.6057,2.5860,N,(-0.54 0.33 1.16)e-2 + (-0.41 0.28 0.87)t,9,0.015,0.1,Y,,,,,,,0.0215,0.0236,Y,,,,,,,,,,,,
c5-nrm-all.dat,319,0.04263,0.000,12,146.2064,59.5973,12.1755,2.3064,N,(-0.56 0.31 1.15)e-2 + (-0.42 0.28 0.86)t,9,0.015,0.1,Y,,,,,,,0.0213,0.0237,Y,,,,,,,,,,,,
c5-nrm-all.dat,320,0.04219,0.000,12,146.2090,60.0748,22.8830,1.8792,N,(-0.55 0.29 1.14)e-2 + (-0.41 0.28 0.87)t,9,0.015,0.1,Y,,,,,,,0.0211,0.0238,Y,,,,,,,,,,,,
c5-nrm-all.dat,321,0.04182,0.000,12,146.4096,61.4538,32.0745,1.5481,N,(-0.53 0.27 1.14)e-2 + (-0.40 0.26 0.88)t,9,0.015,0.1,Y,,,,,,,0.0209,0.0239,Y,,,,,,,,,,,,
c5-nrm-all.dat,322,0.04161,0.000,12,147.1539,63.1271,30.2769,1.4558,N,(-0.51 0.25 1.16)e-2 + (-0.38 0.25 0.89)t,9,0.015,0.1,Y,,,,,,,0.0208,0.0241,Y,,,,,,,,,,,,
c5-nrm-all.dat,323,0.04169,0.000,12,148.2935,64.6833,26.9167,1.3203,N,(-0.49 0.25 1.18)e-2 + (-0.36 0.22 0.90)t,9,0.015,0.1,Y,,,,,,,0.0208,0.0243,Y,,,,,,,,,,,,
c5-nrm-all.dat,324,0.04208,0.000,12,149.5365,65.6631,26.0863,1.0720,N,(-0.49 0.25 1.21)e-2 + (-0.36 0.21 0.91)t,9,0.015,0.1,Y,,,,,,,0.0210,0.0245,Y,,,,,,,,,,,,
c5-nrm-all.dat,325,0.04254,0.000,12,150.3023,66.3555,28.6585,0.7524,N,(-0.48 0.25 1.24)e-2 + (-0.35 0.20 0.92)t,9,0.015,0.1,Y,,,,,,,0.0213,0.0248,Y,,,,,,,,,,,,
c5-nrm-all.dat,326,0.04284,0.000,12,150.3883,67.1872,32.1690,0.4788,N,(-0.47 0.25 1.27)e-2 + (-0.34 0.19 0.92)t,9,0.015,0.1,Y,,,,,,,0.0214,0.0250,Y,,,,,,,,,,,,
c5-nrm-all.dat,327,0.04291,0.000,12,149.7170,67.9626,33.0370,0.3939,N,(-0.45 0.26 1.29)e-2 + (-0.32 0.19 0.93)t,9,0.015,0.1,Y,,,,,,,0.0215,0.0252,Y,,,,,,,,,,,,
c5-nrm-all.dat,328,0.04269,0.000,12,148.8233,68.7058,32.3221,0.3908,N,(-0.42 0.26 1.30)e-2 + (-0.31 0.19 0.93)t,9,0.015,0.1,Y,,,,,,,0.0213,0.0254,Y,,,,,,,,,,,,
c5-nrm-all.dat,329,0.04229,0.000,12,148.1735,69.4031,30.4355,0.4314,N,(-0.40 0.25 1.30)e-2 + (-0.30 0.19 0.94)t,9,0.015,0.1,Y,,,,,,,0.0211,0.0256,Y,,,,,,,,,,,,
c5-nrm-all.dat,330,0.04186,0.000,12,147.6771,69.6000,27.6854,0.4194,N,(-0.40 0.26 1.30)e-2 + (-0.29 0.19 0.94)t,9,0.015,0.1,Y,,,,,,,0.0209,0.0259,Y,,,,,,,,,,,,
c5-nrm-all.dat,331,0.04152,0.000,12,146.7163,69.1709,29.0683,0.3775,N,(-0.41 0.27 1.30)e-2 + (-0.30 0.20 0.93)t,9,0.015,0.1,Y,,,,,,,0.0208,0.0262,Y,,,,,,,,,,,,
c5-nrm-all.dat,332,0.04146,0.000,12,144.4691,68.1684,38.1637,0.3149,N,(-0.42 0.31 1.30)e-2 + (-0.30 0.22 0.93)t,9,0.015,0.1,Y,,,,,,,0.0207,0.0266,Y,,,,,,,,,,,,
c5-nrm-all.dat,333,0.04171,0.000,12,141.3162,66.7565,38.3393,0.2856,N,(-0.45 0.36 1.31)e-2 + (-0.31 0.25 0.92)t,9,0.015,0.1,Y,,,,,,,0.0209,0.0270,Y,,,,,,,,,,,,
c5-nrm-all.dat,334,0.04201,0.000,12,138.0392,65.2635,34.1452,0.3119,N,(-0.47 0.41 1.32)e-2 + (-0.31 0.28 0.91)t,9,0.015,0.1,Y,,,,,,,0.0210,0.0273,Y,,,,,,,,,,,,
c5-nrm-all.dat,335,0.04209,0.000,12,135.3783,63.8351,35.5360,0.4151,N,(-0.49 0.46 1.33)e-2 + (-0.31 0.31 0.90)t,9,0.015,0.1,Y,,,,,,,0.0210,0.0277,Y,,,,,,,,,,,,
c5-nrm-all.dat,336,0.04178,0.000,12,133.6145,62.4274,35.3055,0.4879,N,(-0.50 0.50 1.32)e-2 + (-0.32 0.34 0.89)t,9,0.015,0.1,Y,,,,,,,0.0209,0.0281,Y,,,,,,,,,,,,
c5-nrm-all.dat,337,0.04108,0.000,12,132.9611,60.9862,36.9892,0.5441,N,(-0.52 0.52 1.30)e-2 + (-0.33 0.35 0.87)t,9,0.015,0.1,Y,,,,,,,0.0205,0.0285,Y,,,,,,,,,,,,
c5-nrm-all.dat,338,0.04012,0.000,12,133.5590,59.5327,34.5831,0.5934,N,(-0.54 0.53 1.27)e-2 + (-0.35 0.37 0.86)t,9,0.015,0.1,Y,,,,,,,0.0201,0.0289,Y,,,,,,,,,,,,
c5-nrm-all.dat,339,0.03909,0.000,12,135.2722,57.8656,29.6605,0.6399,N,(-0.57 0.53 1.23)e-2 + (-0.38 0.37 0.85)t,9,0.015,0.1,Y,,,,,,,0.0195,0.0293,Y,,,,,,,,,,,,
c5-nrm-all.dat,340,0.03836,0.000,12,137.5127,56.0967,31.3284,0.6122,N,(-0.61 0.52 1.20)e-2 + (-0.41 0.38 0.83)t,9,0.015,0.1,Y,,,,,,,0.0192,0.0297,Y,,,,,,,,,,,,
c5-nrm-all.dat,341,0.03810,0.000,12,139.5394,54.5020,32.1852,0.5738,N,(-0.65 0.52 1.19)e-2 + (-0.44 0.38 0.81)t,9,0.015,0.1,Y,,,,,,,0.0191,0.0302,Y,,,,,,,,,,,,
c5-nrm-all.dat,342,0.03821,0.000,12,140.8208,53.2737,37.7272,0.4632,N,(-0.69 0.52 1.19)e-2 + (-0.46 0.38 0.80)t,9,0.015,0.1,Y,,,,,,,0.0191,0.0307,Y,,,,,,,,,,,,
c5-nrm-all.dat,343,0.03836,0.000,12,141.1080,52.5833,36.6033,0.3523,N,(-0.71 0.53 1.19)e-2 + (-0.47 0.38 0.79)t,9,0.015,0.1,Y,,,,,,,0.0192,0.0310,Y,,,,,,,,,,,,
c5-nrm-all.dat,344,0.03831,0.000,12,140.5783,52.3468,35.5494,0.3119,N,(-0.70 0.55 1.19)e-2 + (-0.47 0.39 0.79)t,9,0.015,0.1,Y,,,,,,,0.0192,0.0311,Y,,,,,,,,,,,,
c5-nrm-all.dat,345,0.03782,0.000,12,139.6060,52.4192,35.6382,0.4354,N,(-0.67 0.56 1.18)e-2 + (-0.46 0.40 0.79)t,9,0.015,0.1,Y,,,,,,,0.0189,0.0309,Y,,,,,,,,,,,,
c5-nrm-all.dat,346,0.03663,0.000,12,138.4565,52.7220,26.8079,0.5893,N,(-0.62 0.55 1.14)e-2 + (-0.45 0.40 0.80)t,9,0.015,0.1,Y,,,,,,,0.0183,0.0307,Y,,,,,,,,,,,,
c5-nrm-all.dat,347,0.03435,0.000,12,137.3504,52.9277,19.2047,0.7603,N,(-0.57 0.53 1.08)e-2 + (-0.44 0.41 0.80)t,9,0.015,0.1,Y,,,,,,,0.0172,0.0308,Y,,,,,,,,,,,,
c5-nrm-all.dat,348,0.03113,0.000,12,136.4271,52.2584,13.6158,1.0313,N,(-0.52 0.51 0.98)e-2 + (-0.44 0.42 0.79)t,9,0.015,0.1,Y,,,,,,,0.0156,0.0310,Y,,,,,,,,,,,,
c5-nrm-all.dat,356,0.03964,0.000,12,319.8643,61.9493,10.6603,0.7720,N,(0.46 -0.42 1.11)e-2 + (0.36 -0.30 0.88)t,8,0.015,0.1,N,,,,,,,0.0198,0.0255,Y,,,,,,,,,,,,
c5-nrm-all.dat,357,0.04397,0.000,12,326.9044,59.6698,18.6457,0.6885,N,(0.59 -0.42 1.21)e-2 + (0.42 -0.28 0.86)t,8,0.015,0.1,N,,,,,,,0.0220,0.0257,Y,,,,,,,,,,,,
c5-nrm-all.dat,358,0.04611,0.000,12,332.4054,58.3335,24.6773,0.6751,N,(0.68 -0.40 1.26)e-2 + (0.47 -0.24 0.85)t,8,0.015,0.1,N,,,,,,,0.0231,0.0259,Y,,,,,,,,,,,,
c5-nrm-all.dat,359,0.04660,0.000,12,335.9658,57.3555,32.8465,0.6414,N,(0.74 -0.37 1.27)e-2 + (0.49 -0.22 0.84)t,8,0.015,0.1,N,,,,,,,0.0233,0.0263,Y,,,,,,,,,,,,
c5-nrm-all.dat,360,0.04574,0.000,12,336.3700,57.1241,41.1588,0.5749,N,(0.74 -0.35 1.27)e-2 + (0.50 -0.22 0.84)t,8,0.015,0.1,N,,,,,,,0.0229,0.0268,Y,,,,,,,,,,,,
c5-nrm-all.dat,361,0.04390,0.000,12,332.8185,58.1969,37.1759,0.4875,N,(0.69 -0.37 1.25)e-2 + (0.47 -0.24 0.85)t,8,0.015,0.1,N,,,,,,,0.0220,0.0273,Y,,,,,,,,,,,,
c5-nrm-all.dat,362,0.04204,0.000,12,325.8589,60.3312,38.4447,0.4162,N,(0.59 -0.40 1.24)e-2 + (0.41 -0.28 0.87)t,8,0.015,0.1,N,,,,,,,0.0210,0.0271,Y,,,,,,,,,,,,
c5-nrm-all.dat,363,0.04120,0.000,12,318.0468,62.1630,26.5728,0.4583,N,(0.51 -0.44 1.25)e-2 + (0.35 -0.31 0.88)t,8,0.015,0.1,N,,,,,,,0.0206,0.0273,Y,,,,,,,,,,,,
c5-nrm-all.dat,364,0.04178,0.000,12,314.2511,62.7718,13.0765,0.5638,N,(0.49 -0.46 1.27)e-2 + (0.32 -0.33 0.89)t,8,0.015,0.1,N,,,,,,,0.0209,0.0273,Y,,,,,,,,,,,,
c5-nrm-all.dat,365,0.04336,0.000,12,316.6193,62.3308,13.1994,0.6413,N,(0.54 -0.46 1.30)e-2 + (0.34 -0.32 0.89)t,8,0.015,0.1,N,,,,,,,0.0217,0.0272,Y,,,,,,,,,,,,
c5-nrm-all.dat,366,0.04582,0.000,12,323.0034,61.3334,16.4606,0.6886,N,(0.63 -0.43 1.34)e-2 + (0.38 -0.29 0.88)t,8,0.015,0.1,N,,,,,,,0.0229,0.0270,Y,,,,,,,,,,,,
c5-nrm-all.dat,367,0.04879,0.000,12,329.2885,60.8377,16.0721,0.6959,N,(0.71 -0.39 1.40)e-2 + (0.42 -0.25 0.87)t,8,0.015,0.1,N,,,,,,,0.0244,0.0266,Y,,,,,,,,,,,,
c5-nrm-all.dat,368,0.05189,0.000,12,333.0506,61.6153,20.0814,0.6726,N,(0.74 -0.35 1.47)e-2 + (0.42 -0.22 0.88)t,8,0.015,0.1,N,,,,,,,0.0259,0.0262,Y,,,,,,,,,,,,
c5-nrm-all.dat,369,0.05510,0.000,12,333.2026,63.2826,22.5286,0.6896,N,(0.72 -0.35 1.56)e-2 + (0.40 -0.20 0.89)t,8,0.015,0.1,N,,,,,,,0.0276,0.0256,Y,,,,,,,,,,,,
c5-nrm-all.dat,370,0.05850,0.000,12,329.8315,64.9444,28.9535,0.6642,N,(0.68 -0.38 1.66)e-2 + (0.37 -0.21 0.91)t,8,0.015,0.1,N,,,,,,,0.0292,0.0252,Y,,,,,,,,,,,,
c5-nrm-all.dat,371,0.06234,0.000,12,324.4899,65.9222,34.6487,0.7690,N,(0.65 -0.45 1.76)e-2 + (0.33 -0.24 0.91)t,8,0.015,0.1,N,,,,,,,0.0312,0.0247,Y,,,,,,,,,,,,
c5-nrm-all.dat,372,0.06610,0.000,12,319.9943,65.9698,26.8880,0.8172,N,(0.63 -0.53 1.86)e-2 + (0.31 -0.26 0.91)t,8,0.015,0.1,N,,,,,,,0.0330,0.0245,Y,,,,,,,,,,,,
c5-nrm-all.dat,373,0.06918,0.000,12,317.4439,65.7717,20.0308,0.8001,N,(0.64 -0.60 1.94)e-2 + (0.30 -0.28 0.91)t,8,0.015,0.1,N,,,,,,,0.0346,0.0244,Y,,,,,,,,,,,,
c5-nrm-all.dat,374,0.07104,0.000,12,315.6691,66.1474,19.5002,0.7800,N,(0.63 -0.63 1.99)e-2 + (0.29 -0.28 0.91)t,8,0.015,0.1,N,,,,,,,0.0355,0.0242,Y,,,,,,,,,,,,
c5-nrm-all.dat,375,0.07160,0.000,12,314.2379,67.3767,21.1273,0.7655,N,(0.60 -0.63 2.01)e-2 + (0.27 -0.28 0.92)t,8,0.015,0.1,N,,,,,,,0.0358,0.0240,Y,,,,,,,,,,,,
c5-nrm-all.dat,376,0.07155,0.000,12,313.8018,69.0980,22.8091,0.7788,N,(0.56 -0.60 2.02)e-2 + (0.25 -0.26 0.93)t,8,0.015,0.1,N,,,,,,,0.0358,0.0238,Y,,,,,,,,,,,,
c5-nrm-all.dat,377,0.07135,0.000,12,315.6137,70.3647,23.8697,0.7663,N,(0.55 -0.55 2.02)e-2 + (0.24 -0.24 0.94)t,8,0.015,0.1,N,,,,,,,0.0357,0.0237,Y,,,,,,,,,,,,
c5-nrm-all.dat,378,0.07102,0.000,12,319.4209,70.0969,30.2756,0.7760,N,(0.59 -0.51 2.00)e-2 + (0.26 -0.22 0.94)t,8,0.015,0.1,N,,,,,,,0.0355,0.0236,Y,,,,,,,,,,,,
c5-nrm-all.dat,379,0.07046,0.000,12,323.0343,68.0281,38.4925,0.7371,N,(0.68 -0.51 1.96)e-2 + (0.30 -0.22 0.93)t,8,0.015,0.1,N,,,,,,,0.0352,0.0237,Y,,,,,,,,,,,,
c5-nrm-all.dat,380,0.07010,0.000,12,325.0161,64.7472,42.4779,0.6764,N,(0.78 -0.54 1.91)e-2 + (0.35 -0.24 0.90)t,8,0.015,0.1,N,,,,,,,0.0350,0.0237,Y,,,,,,,,,,,,
c5-nrm-all.dat,381,0.07038,0.000,12,325.8971,61.3372,39.5502,0.6502,N,(0.89 -0.58 1.87)e-2 + (0.40 -0.27 0.88)t,8,0.015,0.1,N,,,,,,,0.0352,0.0238,Y,,,,,,,,,,,,
c5-nrm-all.dat,382,0.07152,0.000,12,326.7167,58.3807,34.0693,0.7076,N,(0.99 -0.61 1.85)e-2 + (0.44 -0.29 0.85)t,8,0.015,0.1,N,,,,,,,0.0358,0.0238,Y,,,,,,,,,,,,
c5-nrm-all.dat,383,0.07296,0.000,12,327.7874,56.1418,28.1548,0.7312,N,(1.08 -0.65 1.84)e-2 + (0.47 -0.30 0.83)t,8,0.015,0.1,N,,,,,,,0.0365,0.0239,Y,,,,,,,,,,,,
c5-nrm-all.dat,384,0.07326,0.000,12,328.6058,54.9306,19.3102,0.7504,N,(1.12 -0.66 1.82)e-2 + (0.49 -0.30 0.82)t,8,0.015,0.1,N,,,,,,,0.0366,0.0239,Y,,,,,,,,,,,,
c5-nrm-all.dat,385,0.07075,0.000,12,329.0518,55.1616,9.8925,0.7992,N,(1.08 -0.64 1.76)e-2 + (0.49 -0.29 0.82)t,8,0.015,0.1,N,,,,,,,0.0354,0.0239,Y,,,,,,,,,,,,
c5-nrm-all.dat,386,0.06546,0.000,12,329.4733,56.9959,6.0608,0.9811,N,(0.96 -0.57 1.66)e-2 + (0.47 -0.28 0.84)t,8,0.015,0.1,N,,,,,,,0.0327,0.0239,Y,,,,,,,,,,,,
c5-nrm-all.dat,387,0.05847,0.000,12,330.2322,60.5836,8.3606,1.2349,N,(0.78 -0.46 1.54)e-2 + (0.43 -0.24 0.87)t,8,0.015,0.1,N,,,,,,,0.0292,0.0239,Y,,,,,,,,,,,,
c5-nrm-all.dat,388,0.05223,0.000,12,331.3375,64.8645,13.6959,1.5136,N,(0.60 -0.35 1.43)e-2 + (0.37 -0.20 0.91)t,8,0.015,0.1,N,,,,,,,0.0261,0.0239,Y,,,,,,,,,,,,
c5-nrm-all.dat,389,0.04733,0.000,12,332.2358,67.9463,20.0915,1.6132,N,(0.49 -0.28 1.33)e-2 + (0.33 -0.17 0.93)t,8,0.015,0.1,N,,,,,,,0.0237,0.0240,Y,,,,,,,,,,,,
c5-nrm-all.dat,390,0.04395,0.000,12,331.7648,68.5125,23.9184,1.4913,N,(0.44 -0.26 1.25)e-2 + (0.32 -0.17 0.93)t,8,0.015,0.1,N,,,,,,,0.0220,0.0242,Y,,,,,,,,,,,,
c5-nrm-all.dat,391,0.04144,0.000,12,330.1965,66.8669,25.2282,1.1668,N,(0.45 -0.27 1.17)e-2 + (0.34 -0.20 0.92)t,8,0.015,0.1,N,,,,,,,0.0207,0.0244,Y,,,,,,,,,,,,
c5-nrm-all.dat,392,0.03947,0.000,12,328.9197,64.0878,20.4279,0.8908,N,(0.48 -0.30 1.10)e-2 + (0.37 -0.23 0.90)t,8,0.015,0.1,N,,,,,,,0.0197,0.0247,Y,,,,,,,,,,,,
c5-nrm-all.dat,393,0.03815,0.000,12,329.1746,61.2060,19.0319,0.8561,N,(0.51 -0.31 1.05)e-2 + (0.41 -0.25 0.88)t,8,0.015,0.1,N,,,,,,,0.0191,0.0250,Y,,,,,,,,,,,,
c5-nrm-all.dat,394,0.03742,0.000,12,331.4495,59.0922,28.7041,0.8937,N,(0.55 -0.30 1.02)e-2 + (0.45 -0.25 0.86)t,8,0.015,0.1,N,,,,,,,0.0187,0.0254,Y,,,,,,,,,,,,
c5-nrm-all.dat,395,0.03702,0.000,12,335.1194,58.1009,39.1899,0.9919,N,(0.58 -0.27 1.01)e-2 + (0.48 -0.22 0.85)t,8,0.015,0.1,N,,,,,,,0.0185,0.0257,Y,,,,,,,,,,,,
c5-nrm-all.dat,396,0.03696,0.000,12,339.1117,57.7428,42.7437,1.1598,N,(0.61 -0.23 1.01)e-2 + (0.50 -0.19 0.85)t,8,0.015,0.1,N,,,,,,,0.0185,0.0259,Y,,,,,,,,,,,,
c5-nrm-all.dat,397,0.03740,0.000,12,342.2923,57.7669,38.8168,1.3286,N,(0.64 -0.19 1.03)e-2 + (0.51 -0.16 0.85)t,8,0.015,0.1,N,,,,,,,0.0187,0.0261,Y,,,,,,,,,,,,
c5-nrm-all.dat,398,0.03832,0.000,12,343.6751,57.8885,35.2031,1.3533,N,(0.66 -0.17 1.06)e-2 + (0.51 -0.15 0.85)t,8,0.015,0.1,N,,,,,,,0.0192,0.0263,Y,,,,,,,,,,,,
c5-nrm-all.dat,399,0.03984,0.000,12,343.8379,57.2376,37.2792,1.2816,N,(0.71 -0.18 1.10)e-2 + (0.52 -0.15 0.84)t,8,0.015,0.1,N,,,,,,,0.0199,0.0265,Y,,,,,,,,,,,,
c5-nrm-all.dat,400,0.04181,0.000,12,344.1319,55.8734,38.7267,1.2310,N,(0.77 -0.19 1.15)e-2 + (0.54 -0.15 0.83)t,8,0.015,0.1,N,,,,,,,0.0209,0.0265,Y,,,,,,,,,,,,
c5-nrm-all.dat,401,0.04349,0.000,12,344.9117,54.6421,25.2701,1.2331,N,(0.82 -0.20 1.18)e-2 + (0.56 -0.15 0.82)t,8,0.015,0.1,N,,,,,,,0.0217,0.0265,Y,,,,,,,,,,,,
c5-nrm-all.dat,402,0.04448,0.000,12,345.8899,53.8691,26.3585,1.3634,N,(0.85 -0.20 1.20)e-2 + (0.57 -0.14 0.81)t,8,0.015,0.1,N,,,,,,,0.0222,0.0265,Y,,,,,,,,,,,,
c5-nrm-all.dat,403,0.04478,0.000,12,346.5087,53.7867,33.0184,1.5752,N,(0.85 -0.20 1.21)e-2 + (0.57 -0.14 0.81)t,8,0.015,0.1,N,,,,,,,0.0224,0.0265,Y,,,,,,,,,,,,
c5-nrm-all.dat,404,0.04465,0.000,12,346.3251,54.1164,33.9610,1.7685,N,(0.84 -0.20 1.22)e-2 + (0.57 -0.14 0.81)t,8,0.015,0.1,N,,,,,,,0.0223,0.0266,Y,,,,,,,,,,,,
c5-nrm-all.dat,405,0.04461,0.000,12,345.0599,54.3009,31.2646,1.8446,N,(0.84 -0.23 1.23)e-2 + (0.56 -0.15 0.81)t,8,0.015,0.1,N,,,,,,,0.0223,0.0267,Y,,,,,,,,,,,,
c5-nrm-all.dat,406,0.04484,0.000,12,342.8112,54.0691,27.8154,1.8205,N,(0.85 -0.27 1.24)e-2 + (0.56 -0.17 0.81)t,8,0.015,0.1,N,,,,,,,0.0224,0.0269,Y,,,,,,,,,,,,
c5-nrm-all.dat,407,0.04519,0.000,12,339.5062,53.3841,24.1707,1.6487,N,(0.86 -0.33 1.24)e-2 + (0.56 -0.21 0.80)t,8,0.015,0.1,N,,,,,,,0.0226,0.0270,Y,,,,,,,,,,,,
c5-nrm-all.dat,408,0.04548,0.000,12,335.6312,52.2630,17.6817,1.5110,N,(0.87 -0.39 1.23)e-2 + (0.56 -0.25 0.79)t,8,0.015,0.1,N,,,,,,,0.0227,0.0271,Y,,,,,,,,,,,,
c5-nrm-all.dat,409,0.04527,0.000,12,332.0293,51.1795,18.6494,1.3323,N,(0.87 -0.45 1.22)e-2 + (0.55 -0.29 0.78)t,8,0.015,0.1,N,,,,,,,0.0226,0.0273,Y,,,,,,,,,,,,
c5-nrm-all.dat,410,0.04386,0.000,12,329.0644,50.6058,28.9800,1.2580,N,(0.84 -0.49 1.19)e-2 + (0.54 -0.33 0.77)t,8,0.015,0.1,N,,,,,,,0.0219,0.0277,Y,,,,,,,,,,,,
c5-nrm-all.dat,411,0.04107,0.000,12,327.0016,51.0180,36.0586,1.2541,N,(0.78 -0.49 1.16)e-2 + (0.53 -0.34 0.78)t,8,0.015,0.1,N,,,,,,,0.0205,0.0284,Y,,,,,,,,,,,,
c5-nrm-all.dat,412,0.03777,0.000,12,325.7429,52.7064,41.6821,1.2202,N,(0.71 -0.46 1.12)e-2 + (0.50 -0.34 0.80)t,8,0.015,0.1,N,,,,,,,0.0189,0.0292,Y,,,,,,,,,,,,
c5-nrm-all.dat,413,0.03511,0.000,12,324.8822,54.9906,30.9964,1.2354,N,(0.65 -0.44 1.11)e-2 + (0.47 -0.33 0.82)t,8,0.015,0.1,N,,,,,,,0.0176,0.0302,Y,,,,,,,,,,,,
c5-nrm-all.dat,414,0.03407,0.000,12,324.2103,56.3707,25.6121,1.2406,N,(0.62 -0.43 1.11)e-2 + (0.45 -0.32 0.83)t,8,0.015,0.1,N,,,,,,,0.0170,0.0314,Y,,,,,,,,,,,,
c5-nrm-all.dat,415,0.03400,0.000,12,323.7189,56.1090,26.2430,1.1618,N,(0.63 -0.44 1.12)e-2 + (0.45 -0.33 0.83)t,8,0.015,0.1,N,,,,,,,0.0170,0.0321,Y,,,,,,,,,,,,
c5-nrm-all.dat,416,0.03390,0.000,12,323.6335,54.9100,31.4516,0.9942,N,(0.66 -0.45 1.10)e-2 + (0.46 -0.34 0.82)t,8,0.015,0.1,N,,,,,,,0.0170,0.0324,Y,,,,,,,,,,,,
c5-nrm-all.dat,417,0.03313,0.000,12,323.8374,54.2487,37.6097,0.8210,N,(0.65 -0.45 1.06)e-2 + (0.47 -0.34 0.81)t,8,0.015,0.1,N,,,,,,,0.0166,0.0326,Y,,,,,,,,,,,,
c5-nrm-all.dat,418,0.03161,0.000,12,324.0674,55.0909,39.7496,0.7524,N,(0.61 -0.42 1.03)e-2 + (0.46 -0.34 0.82)t,8,0.015,0.1,N,,,,,,,0.0158,0.0329,Y,,,,,,,,,,,,
c5-nrm-all.dat,419,0.03008,0.000,12,324.2182,56.9931,35.4706,0.7870,N,(0.55 -0.38 1.00)e-2 + (0.44 -0.32 0.84)t,8,0.015,0.1,N,,,,,,,0.0150,0.0331,Y,,,,,,,,,,,,
c5-nrm-all.dat,420,0.02896,0.000,12,324.2726,58.9189,31.3712,0.8065,N,(0.49 -0.34 0.98)e-2 + (0.42 -0.30 0.86)t,8,0.015,0.1,N,,,,,,,0.0145,0.0332,Y,,,,,,,,,,,,
c5-nrm-all.dat,421,0.02829,0.000,12,324.0714,60.3784,30.2643,0.8239,N,(0.46 -0.32 0.98)e-2 + (0.40 -0.29 0.87)t,8,0.015,0.1,N,,,,,,,0.0141,0.0332,Y,,,,,,,,,,,,
c5-nrm-all.dat,422,0.02794,0.000,12,323.7483,61.2754,25.5104,0.8354,N,(0.44 -0.31 0.97)e-2 + (0.39 -0.28 0.88)t,8,0.015,0.1,N,,,,,,,0.0140,0.0332,Y,,,,,,,,,,,,
c5-nrm-all.dat,423,0.02782,0.000,12,323.3186,61.8204,14.8991,0.9319,N,(0.42 -0.31 0.97)e-2 + (0.38 -0.28 0.88)t,8,0.015,0.1,N,,,,,,,0.0139,0.0333,Y,,,,,,,,,,,,
c5-nrm-all.dat,424,0.02786,0.000,12,322.3700,62.1273,21.8867,1.1903,N,(0.42 -0.31 0.98)e-2 + (0.37 -0.29 0.88)t,8,0.015,0.1,N,,,,,,,0.0139,0.0333,Y,,,,,,,,,,,,
c5-nrm-all.dat,425,0.02795,0.000,12,321.0339,62.1069,32.2334,1.4737,N,(0.41 -0.32 0.98)e-2 + (0.36 -0.29 0.88)t,8,0.015,0.1,N,,,,,,,0.0140,0.0331,Y,,,,,,,,,,,,
c5-nrm-all.dat,426,0.02807,0.000,12,320.1351,61.7111,36.7211,1.5816,N,(0.41 -0.33 0.97)e-2 + (0.36 -0.30 0.88)t,8,0.015,0.1,N,,,,,,,0.0140,0.0327,Y,,,,,,,,,,,,
c5-nrm-all.dat,427,0.02818,0.000,12,320.2988,61.3891,30.8816,1.4770,N,(0.41 -0.33 0.96)e-2 + (0.37 -0.31 0.88)t,8,0.015,0.1,N,,,,,,,0.0141,0.0323,Y,,,,,,,,,,,,
c5-nrm-all.dat,428,0.02819,0.000,12,321.5224,61.5890,19.8826,1.2531,N,(0.40 -0.31 0.96)e-2 + (0.37 -0.30 0.88)t,8,0.015,0.1,N,,,,,,,0.0141,0.0318,Y,,,,,,,,,,,,
c5-nrm-all.dat,429,0.02815,0.000,12,323.3561,62.1723,26.1557,1.2537,N,(0.40 -0.28 0.96)e-2 + (0.37 -0.28 0.88)t,8,0.015,0.1,N,,,,,,,0.0141,0.0315,Y,,,,,,,,,,,,
c5-nrm-all.dat,430,0.02821,0.000,12,324.8127,62.9719,31.1152,1.6237,N,(0.39 -0.26 0.97)e-2 + (0.37 -0.26 0.89)t,8,0.015,0.1,N,,,,,,,0.0141,0.0316,Y,,,,,,,,,,,,
c5-nrm-all.dat,431,0.02839,0.000,12,324.9639,63.9122,25.7986,1.9259,N,(0.39 -0.25 0.98)e-2 + (0.36 -0.25 0.90)t,8,0.015,0.1,N,,,,,,,0.0142,0.0318,Y,,,,,,,,,,,,
c5-nrm-all.dat,432,0.02855,0.000,12,323.6995,64.7730,21.8915,2.0250,N,(0.37 -0.25 1.00)e-2 + (0.34 -0.25 0.90)t,8,0.015,0.1,N,,,,,,,0.0143,0.0320,Y,,,,,,,,,,,,
c5-nrm-all.dat,433,0.02864,0.000,12,321.4136,65.3183,23.4938,1.9411,N,(0.35 -0.27 1.01)e-2 + (0.33 -0.26 0.91)t,8,0.015,0.1,N,,,,,,,0.0143,0.0320,Y,,,,,,,,,,,,
c5-nrm-all.dat,434,0.02877,0.000,12,317.9767,65.3368,30.1630,1.9035,N,(0.34 -0.29 1.01)e-2 + (0.31 -0.28 0.91)t,8,0.015,0.1,N,,,,,,,0.0144,0.0316,Y,,,,,,,,,,,,
c5-nrm-all.dat,435,0.02901,0.000,12,313.7049,64.6542,33.6932,2.0680,N,(0.33 -0.33 1.01)e-2 + (0.30 -0.31 0.90)t,8,0.015,0.1,N,,,,,,,0.0145,0.0307,Y,,,,,,,,,,,,
c5-nrm-all.dat,436,0.02939,0.000,12,309.2421,63.1580,35.5354,2.4030,N,(0.32 -0.38 0.99)e-2 + (0.29 -0.35 0.89)t,8,0.015,0.1,N,,,,,,,0.0147,0.0298,Y,,,,,,,,,,,,
c5-nrm-all.dat,437,0.02982,0.000,12,305.6950,61.1220,33.8478,2.7357,N,(0.31 -0.43 0.98)e-2 + (0.28 -0.39 0.88)t,8,0.015,0.1,N,,,,,,,0.0149,0.0294,Y,,,,,,,,,,,,
c5-nrm-all.dat,438,0.03013,0.000,12,303.3012,59.1457,27.7428,2.9819,N,(0.30 -0.47 0.96)e-2 + (0.28 -0.43 0.86)t,8,0.015,0.1,N,,,,,,,0.0151,0.0292,Y,,,,,,,,,,,,
c5-nrm-all.dat,439,0.03011,0.000,12,302.0332,57.7367,20.6251,3.3960,N,(0.29 -0.48 0.94)e-2 + (0.28 -0.45 0.85)t,8,0.015,0.1,N,,,,,,,0.0151,0.0291,Y,,,,,,,,,,,,
c5-nrm-all.dat,440,0.02944,0.000,12,301.7579,57.3378,18.4673,3.7746,N,(0.29 -0.47 0.92)e-2 + (0.28 -0.46 0.84)t,8,0.015,0.1,N,,,,,,,0.0147,0.0293,Y,,,,,,,,,,,,
