Suite,Depth,NRM intensity (A/m),MS jump temp. (degC),Steps,PCA dec. (deg),PCA inc. (deg),PCA MAD1,PCA MAD3,PCA anchored,PCA equation,PCA npoints,PCA start (degC or mT),PCA end (degC or mT),PCA contiguous,GC dec (deg),GC inc (deg),GC strike (deg),GC dip (deg),GC MAD1,GC npoints,MDF half-intensity (A/m),MDF demagnetization (degC or T),MDF midpoint reached,Fisher dec. (deg),Fisher inc. (deg),Fisher a95 (deg),Fisher k,Fisher nDirs,Fisher R,AMS dec1,AMS inc1,AMS dec2,AMS inc2,AMS dec3,AMS inc3,Initial MS
c5-nrm-all.dat,20,0.008225,0.000,12,345.0446,44.5358,28.3642,1.5875,N,(1.89 -0.37 2.17)e-3 + (0.69 -0.18 0.70)t,7,0.015,0.06,Y,,,,,,,0.00411,0.0220,Y,,,,,,,,,,,,,NaN
c5-nrm-all.dat,21,0.008604,0.000,12,349.5837,50.4447,24.3653,1.6039,N,(1.80 -0.22 2.46)e-3 + (0.63 -0.12 0.77)t,7,0.015,0.06,Y,,,,,,,0.00430,0.0221,Y,,,,,,,,,,,,,NaN
c5-nrm-all.dat,22,0.009387,0.000,12,353.6196,54.7505,21.8481,1.6453,N,(1.79 -0.15 2.82)e-3 + (0.57 -0.06 0.82)t,7,0.015,0.06,Y,,,,,,,0.00469,0.0221,Y,,,,,,,,,,,,,NaN
c5-nrm-all.dat,23,0.01061,0.000,12,355.5289,55.9081,20.2971,1.4976,N,(1.97 -0.16 3.24)e-3 + (0.56 -0.04 0.83)t,7,0.015,0.06,Y,,,,,,,0.00531,0.0222,Y,,,,,,,,,,,,,NaN
c5-nrm-all.dat,24,0.01223,0.000,12,354.6145,53.4824,13.3156,1.3415,N,(2.41 -0.27 3.63)e-3 + (0.59 -0.06 0.80)t,7,0.015,0.06,Y,,,,,,,0.00612,0.0221,Y,,,,,,,,,,,,,NaN
c5-nrm-all.dat,25,0.01388,0.000,12,352.2742,49.0440,11.3354,1.1407,N,(3.03 -0.43 3.90)e-3 + (0.65 -0.09 0.76)t,7,0.015,0.06,Y,,,,,,,0.00694,0.0222,Y,,,,,,,,,,,,,NaN
c5-nrm-all.dat,26,0.01521,0.000,12,349.5856,44.3890,13.8822,1.0729,N,(3.63 -0.61 4.00)e-3 + (0.70 -0.13 0.70)t,7,0.015,0.06,Y,,,,,,,0.00761,0.0222,Y,,,,,,,,,,,,,NaN
c5-nrm-all.dat,27,0.01588,0.000,12,347.1166,41.2029,20.9063,0.9014,N,(3.97 -0.77 3.96)e-3 + (0.73 -0.17 0.66)t,7,0.015,0.06,Y,,,,,,,0.00794,0.0222,Y,,,,,,,,,,,,,NaN
c5-nrm-all.dat,28,0.01576,0.000,12,344.7594,40.0177,24.2951,0.8573,N,(3.98 -0.87 3.85)e-3 + (0.74 -0.20 0.64)t,7,0.015,0.06,Y,,,,,,,0.00788,0.0221,Y,,,,,,,,,,,,,NaN
c5-nrm-all.dat,29,0.01511,0.000,12,342.4973,41.0604,22.4467,0.9917,N,(3.70 -0.89 3.75)e-3 + (0.72 -0.23 0.66)t,7,0.015,0.06,Y,,,,,,,0.00756,0.0219,Y,,,,,,,,,,,,,NaN
c5-nrm-all.dat,30,0.01429,0.000,12,340.7784,43.4463,17.5432,1.1665,N,(3.32 -0.86 3.66)e-3 + (0.69 -0.24 0.69)t,7,0.015,0.06,Y,,,,,,,0.00715,0.0216,Y,,,,,,,,,,,,,NaN
c5-nrm-all.dat,31,0.01363,0.000,12,339.8192,45.8130,18.2666,1.4083,N,(2.97 -0.79 3.57)e-3 + (0.65 -0.24 0.72)t,7,0.015,0.06,Y,,,,,,,0.00681,0.0211,Y,,,,,,,,,,,,,NaN
c5-nrm-all.dat,32,0.01310,0.000,12,339.2610,46.6858,18.0751,1.5745,N,(2.75 -0.74 3.44)e-3 + (0.64 -0.24 0.73)t,7,0.015,0.06,Y,,,,,,,0.00655,0.0208,Y,,,,,,,,,,,,,NaN
c5-nrm-all.dat,33,0.01272,0.000,12,338.1172,45.6509,14.1310,1.5945,N,(2.65 -0.75 3.27)e-3 + (0.65 -0.26 0.72)t,7,0.015,0.06,Y,,,,,,,0.00636,0.0205,Y,,,,,,,,,,,,,NaN
c5-nrm-all.dat,34,0.01241,0.000,12,335.7470,43.1333,9.7560,1.5254,N,(2.62 -0.84 3.07)e-3 + (0.67 -0.30 0.68)t,7,0.015,0.06,Y,,,,,,,0.00621,0.0202,Y,,,,,,,,,,,,,NaN
c5-nrm-all.dat,35,0.01219,0.000,12,332.6727,40.3844,12.2995,1.4631,N,(2.60 -0.97 2.88)e-3 + (0.68 -0.35 0.65)t,7,0.015,0.06,Y,,,,,,,0.00609,0.0200,Y,,,,,,,,,,,,,NaN
c5-nrm-all.dat,36,0.01213,0.000,12,330.1176,38.4397,21.7888,1.3962,N,(2.58 -1.11 2.78)e-3 + (0.68 -0.39 0.62)t,7,0.015,0.06,Y,,,,,,,0.00607,0.0199,Y,,,,,,,,,,,,,NaN
c5-nrm-all.dat,37,0.01233,0.000,12,328.7402,37.8879,32.9752,1.3353,N,(2.58 -1.23 2.79)e-3 + (0.67 -0.41 0.61)t,7,0.015,0.06,Y,,,,,,,0.00616,0.0199,Y,,,,,,,,,,,,,NaN
c5-nrm-all.dat,38,0.01272,0.000,12,329.0843,38.6507,39.4297,1.4069,N,(2.62 -1.31 2.92)e-3 + (0.67 -0.40 0.62)t,7,0.015,0.06,Y,,,,,,,0.00636,0.0199,Y,,,,,,,,,,,,,NaN
c5-nrm-all.dat,39,0.01314,0.000,12,331.1134,40.2884,39.6813,1.5645,N,(2.67 -1.30 3.09)e-3 + (0.67 -0.37 0.65)t,7,0.015,0.06,Y,,,,,,,0.00657,0.0200,Y,,,,,,,,,,,,,NaN
c5-nrm-all.dat,40,0.01343,0.000,12,334.4980,42.1767,44.2427,1.7595,N,(2.70 -1.21 3.25)e-3 + (0.67 -0.32 0.67)t,7,0.015,0.06,Y,,,,,,,0.00672,0.0200,Y,,,,,,,,,,,,,NaN
c5-nrm-all.dat,41,0.01356,0.000,12,338.5305,43.7564,35.6295,1.9489,N,(2.72 -1.06 3.37)e-3 + (0.67 -0.26 0.69)t,7,0.015,0.06,Y,,,,,,,0.00678,0.0200,Y,,,,,,,,,,,,,NaN
c5-nrm-all.dat,42,0.01360,0.000,12,341.8550,44.1659,27.0896,2.0603,N,(2.75 -0.92 3.42)e-3 + (0.68 -0.22 0.70)t,7,0.015,0.06,Y,,,,,,,0.00680,0.0200,Y,,,,,,,,,,,,,NaN
c5-nrm-all.dat,43,0.01358,0.000,12,342.9474,42.8865,21.4488,2.1672,N,(2.84 -0.88 3.38)e-3 + (0.70 -0.21 0.68)t,7,0.015,0.06,Y,,,,,,,0.00679,0.0202,Y,,,,,,,,,,,,,NaN
c5-nrm-all.dat,44,0.01347,0.000,12,342.1949,40.3991,18.8683,2.1996,N,(2.97 -0.91 3.27)e-3 + (0.73 -0.23 0.65)t,7,0.015,0.06,Y,,,,,,,0.00673,0.0203,Y,,,,,,,,,,,,,NaN
c5-nrm-all.dat,45,0.01326,0.000,12,341.0855,37.6991,18.0131,2.0455,N,(3.08 -0.96 3.10)e-3 + (0.75 -0.26 0.61)t,7,0.015,0.06,Y,,,,,,,0.00663,0.0205,Y,,,,,,,,,,,,,NaN
c5-nrm-all.dat,46,0.01298,0.000,12,340.4994,35.4796,18.4583,1.7542,N,(3.14 -0.97 2.94)e-3 + (0.77 -0.27 0.58)t,7,0.015,0.06,Y,,,,,,,0.00649,0.0205,Y,,,,,,,,,,,,,NaN
c5-nrm-all.dat,47,0.01261,0.000,12,340.7949,33.3648,19.6649,1.4850,N,(3.15 -0.95 2.75)e-3 + (0.79 -0.27 0.55)t,7,0.015,0.06,Y,,,,,,,0.00631,0.0205,Y,,,,,,,,,,,,,NaN
c5-nrm-all.dat,48,0.01209,0.000,12,341.3808,30.8779,22.2171,1.4557,N,(3.12 -0.92 2.53)e-3 + (0.81 -0.27 0.51)t,7,0.015,0.06,Y,,,,,,,0.00604,0.0204,Y,,,,,,,,,,,,,NaN
c5-nrm-all.dat,57,0.01898,0.000,12,337.5607,48.6675,37.6596,1.1921,N,(3.81 -1.55 4.93)e-3 + (0.61 -0.25 0.75)t,7,0.015,0.06,Y,,,,,,,0.00949,0.0207,Y,,,,,,,,,,,,,NaN
c5-nrm-all.dat,58,0.01901,0.000,12,336.7661,48.8624,40.6099,1.0671,N,(3.86 -1.61 4.99)e-3 + (0.60 -0.26 0.75)t,7,0.015,0.06,Y,,,,,,,0.00951,0.0211,Y,,,,,,,,,,,,,NaN
c5-nrm-all.dat,59,0.01922,0.000,12,337.3344,48.4926,39.2005,0.9941,N,(4.05 -1.63 5.08)e-3 + (0.61 -0.26 0.75)t,7,0.015,0.06,Y,,,,,,,0.00961,0.0215,Y,,,,,,,,,,,,,NaN
c5-nrm-all.dat,60,0.01953,0.000,12,338.5131,48.3601,29.8201,0.9704,N,(4.25 -1.59 5.22)e-3 + (0.62 -0.24 0.75)t,7,0.015,0.06,Y,,,,,,,0.00977,0.0219,Y,,,,,,,,,,,,,NaN
c5-nrm-all.dat,61,0.01981,0.000,12,339.8484,49.0435,24.7527,0.9327,N,(4.35 -1.52 5.41)e-3 + (0.62 -0.23 0.76)t,7,0.015,0.06,Y,,,,,,,0.00990,0.0222,Y,,,,,,,,,,,,,NaN
c5-nrm-all.dat,62,0.01996,0.000,12,340.9491,50.5120,24.1475,0.8921,N,(4.32 -1.43 5.62)e-3 + (0.60 -0.21 0.77)t,7,0.015,0.06,Y,,,,,,,0.00998,0.0225,Y,,,,,,,,,,,,,NaN
c5-nrm-all.dat,63,0.02013,0.000,12,341.6692,52.2165,28.4339,0.8393,N,(4.23 -1.36 5.84)e-3 + (0.58 -0.19 0.79)t,7,0.015,0.06,Y,,,,,,,0.0101,0.0227,Y,,,,,,,,,,,,,NaN
c5-nrm-all.dat,64,0.02051,0.000,12,341.8032,53.6948,31.1748,0.7497,N,(4.17 -1.34 6.08)e-3 + (0.56 -0.18 0.81)t,7,0.015,0.06,Y,,,,,,,0.0103,0.0228,Y,,,,,,,,,,,,,NaN
c5-nrm-all.dat,65,0.02126,0.000,12,341.3787,54.3971,34.1418,0.7414,N,(4.22 -1.40 6.35)e-3 + (0.55 -0.19 0.81)t,7,0.015,0.06,Y,,,,,,,0.0106,0.0228,Y,,,,,,,,,,,,,NaN
c5-nrm-all.dat,66,0.02229,0.000,12,340.1262,54.6717,33.9352,0.7653,N,(4.31 -1.55 6.64)e-3 + (0.54 -0.20 0.82)t,7,0.015,0.06,Y,,,,,,,0.0111,0.0226,Y,,,,,,,,,,,,,NaN
c5-nrm-all.dat,67,0.02314,0.000,12,337.8109,55.2562,39.7317,0.8089,N,(4.34 -1.77 6.91)e-3 + (0.53 -0.22 0.82)t,7,0.015,0.06,Y,,,,,,,0.0116,0.0225,Y,,,,,,,,,,,,,NaN
c5-nrm-all.dat,68,0.02359,0.000,12,334.8796,56.1421,39.5237,0.8491,N,(4.26 -2.00 7.11)e-3 + (0.50 -0.24 0.83)t,7,0.015,0.06,Y,,,,,,,0.0118,0.0225,Y,,,,,,,,,,,,,NaN
c5-nrm-all.dat,69,0.02360,0.000,12,332.1564,56.6876,29.0343,0.9631,N,(4.17 -2.19 7.19)e-3 + (0.49 -0.26 0.84)t,7,0.015,0.06,Y,,,,,,,0.0118,0.0227,Y,,,,,,,,,,,,,NaN
c5-nrm-all.dat,70,0.02338,0.000,12,330.7055,56.6287,22.9423,1.1042,N,(4.14 -2.29 7.19)e-3 + (0.48 -0.27 0.84)t,7,0.015,0.06,Y,,,,,,,0.0117,0.0229,Y,,,,,,,,,,,,,NaN
c5-nrm-all.dat,71,0.02324,0.000,12,330.8226,56.3214,21.5913,1.1694,N,(4.17 -2.30 7.18)e-3 + (0.48 -0.27 0.83)t,7,0.015,0.06,Y,,,,,,,0.0116,0.0231,Y,,,,,,,,,,,,,NaN
c5-nrm-all.dat,72,0.02326,0.000,12,332.2150,56.0653,23.6369,1.1193,N,(4.24 -2.21 7.21)e-3 + (0.49 -0.26 0.83)t,7,0.015,0.06,Y,,,,,,,0.0116,0.0232,Y,,,,,,,,,,,,,NaN
c5-nrm-all.dat,73,0.02330,0.000,12,334.0527,55.6445,28.4120,1.0555,N,(4.34 -2.06 7.19)e-3 + (0.51 -0.25 0.83)t,7,0.015,0.06,Y,,,,,,,0.0117,0.0232,Y,,,,,,,,,,,,,NaN
c5-nrm-all.dat,74,0.02336,0.000,12,335.8634,54.5266,37.2897,0.9747,N,(4.54 -1.94 7.10)e-3 + (0.53 -0.24 0.81)t,7,0.015,0.06,Y,,,,,,,0.0117,0.0231,Y,,,,,,,,,,,,,NaN
c5-nrm-all.dat,75,0.02362,0.000,12,337.1686,52.6794,42.6748,0.9269,N,(4.87 -1.90 7.01)e-3 + (0.56 -0.24 0.80)t,7,0.015,0.06,Y,,,,,,,0.0118,0.0231,Y,,,,,,,,,,,,,NaN
c5-nrm-all.dat,76,0.02409,0.000,12,337.9341,50.9227,35.4962,0.9024,N,(5.22 -1.93 6.99)e-3 + (0.58 -0.24 0.78)t,7,0.015,0.06,Y,,,,,,,0.0120,0.0231,Y,,,,,,,,,,,,,NaN
c5-nrm-all.dat,77,0.02443,0.000,12,338.1395,50.0562,32.3296,0.9140,N,(5.42 -1.99 7.03)e-3 + (0.60 -0.24 0.77)t,7,0.015,0.06,Y,,,,,,,0.0122,0.0232,Y,,,,,,,,,,,,,NaN
c5-nrm-all.dat,78,0.02426,0.000,12,337.6292,50.3922,33.2323,0.9260,N,(5.33 -2.04 7.05)e-3 + (0.59 -0.24 0.77)t,7,0.015,0.06,Y,,,,,,,0.0121,0.0232,Y,,,,,,,,,,,,,NaN
c5-nrm-all.dat,79,0.02362,0.000,12,336.5457,51.3261,33.8066,0.9343,N,(5.04 -2.07 6.99)e-3 + (0.57 -0.25 0.78)t,7,0.015,0.06,Y,,,,,,,0.0118,0.0234,Y,,,,,,,,,,,,,NaN
c5-nrm-all.dat,80,0.02285,0.000,12,335.3160,52.1024,33.8317,0.9327,N,(4.77 -2.11 6.86)e-3 + (0.56 -0.26 0.79)t,7,0.015,0.06,Y,,,,,,,0.0114,0.0235,Y,,,,,,,,,,,,,NaN
c5-nrm-all.dat,81,0.02223,0.000,12,334.1909,52.4813,32.2116,0.9650,N,(4.60 -2.16 6.73)e-3 + (0.55 -0.27 0.79)t,7,0.015,0.06,Y,,,,,,,0.0111,0.0236,Y,,,,,,,,,,,,,NaN
c5-nrm-all.dat,82,0.02182,0.000,12,333.0459,52.8356,30.9068,1.0348,N,(4.48 -2.23 6.66)e-3 + (0.54 -0.27 0.80)t,7,0.015,0.06,Y,,,,,,,0.0109,0.0237,Y,,,,,,,,,,,,,NaN
c5-nrm-all.dat,83,0.02152,0.000,12,331.8641,53.4571,29.7385,1.0648,N,(4.34 -2.28 6.63)e-3 + (0.53 -0.28 0.80)t,7,0.015,0.06,Y,,,,,,,0.0108,0.0238,Y,,,,,,,,,,,,,NaN
c5-nrm-all.dat,84,0.02117,0.000,12,331.0192,54.0406,27.7018,1.0259,N,(4.17 -2.29 6.58)e-3 + (0.51 -0.28 0.81)t,7,0.015,0.06,Y,,,,,,,0.0106,0.0238,Y,,,,,,,,,,,,,NaN
c5-nrm-all.dat,85,0.02080,0.000,12,331.1627,54.0880,24.3857,0.9801,N,(4.05 -2.24 6.46)e-3 + (0.51 -0.28 0.81)t,7,0.015,0.06,Y,,,,,,,0.0104,0.0237,Y,,,,,,,,,,,,,NaN
c5-nrm-all.dat,86,0.02058,0.000,12,332.6563,53.4081,21.0530,0.9731,N,(4.04 -2.12 6.29)e-3 + (0.53 -0.27 0.80)t,7,0.015,0.06,Y,,,,,,,0.0103,0.0234,Y,,,,,,,,,,,,,NaN
c5-nrm-all.dat,87,0.02064,0.000,12,335.2360,52.3297,19.0306,1.0136,N,(4.15 -1.96 6.16)e-3 + (0.55 -0.26 0.79)t,7,0.015,0.06,Y,,,,,,,0.0103,0.0231,Y,,,,,,,,,,,,,NaN
c5-nrm-all.dat,88,0.02092,0.000,12,337.9008,51.4793,20.9822,1.0600,N,(4.30 -1.79 6.10)e-3 + (0.58 -0.23 0.78)t,7,0.015,0.06,Y,,,,,,,0.0105,0.0228,Y,,,,,,,,,,,,,NaN
c5-nrm-all.dat,89,0.02126,0.000,12,339.8877,51.2260,24.2415,1.0626,N,(4.39 -1.65 6.12)e-3 + (0.59 -0.22 0.78)t,7,0.015,0.06,Y,,,,,,,0.0106,0.0226,Y,,,,,,,,,,,,,NaN
c5-nrm-all.dat,90,0.02160,0.000,12,341.0792,51.5740,26.5194,0.9923,N,(4.44 -1.56 6.20)e-3 + (0.59 -0.20 0.78)t,7,0.015,0.06,Y,,,,,,,0.0108,0.0225,Y,,,,,,,,,,,,,NaN
c5-nrm-all.dat,91,0.02198,0.000,12,341.5054,52.2984,27.0340,0.9251,N,(4.46 -1.53 6.36)e-3 + (0.58 -0.19 0.79)t,7,0.015,0.06,Y,,,,,,,0.0110,0.0225,Y,,,,,,,,,,,,,NaN
c5-nrm-all.dat,92,0.02249,0.000,12,341.7264,53.1202,28.1875,0.9448,N,(4.52 -1.55 6.57)e-3 + (0.57 -0.19 0.80)t,7,0.015,0.06,Y,,,,,,,0.0112,0.0225,Y,,,,,,,,,,,,,NaN
c5-nrm-all.dat,93,0.02308,0.000,12,342.0821,53.6781,27.1400,1.1104,N,(4.62 -1.58 6.80)e-3 + (0.56 -0.18 0.81)t,7,0.015,0.06,Y,,,,,,,0.0115,0.0226,Y,,,,,,,,,,,,,NaN
c5-nrm-all.dat,94,0.02367,0.000,12,342.5992,53.9377,26.7269,1.2892,N,(4.74 -1.60 7.01)e-3 + (0.56 -0.18 0.81)t,7,0.015,0.06,Y,,,,,,,0.0118,0.0227,Y,,,,,,,,,,,,,NaN
c5-nrm-all.dat,95,0.02421,0.000,12,343.1902,54.0525,27.8884,1.3696,N,(4.85 -1.58 7.20)e-3 + (0.56 -0.17 0.81)t,7,0.015,0.06,Y,,,,,,,0.0121,0.0227,Y,,,,,,,,,,,,,NaN
c5-nrm-all.dat,96,0.02459,0.000,12,343.4427,54.3634,30.7572,1.3265,N,(4.91 -1.55 7.35)e-3 + (0.56 -0.17 0.81)t,7,0.015,0.06,Y,,,,,,,0.0123,0.0227,Y,,,,,,,,,,,,,NaN
c5-nrm-all.dat,97,0.02479,0.000,12,343.5436,54.9233,29.7332,1.2423,N,(4.91 -1.50 7.46)e-3 + (0.55 -0.16 0.82)t,7,0.015,0.06,Y,,,,,,,0.0124,0.0228,Y,,,,,,,,,,,,,NaN
c5-nrm-all.dat,98,0.02493,0.000,12,343.9934,55.4557,24.1166,1.1628,N,(4.90 -1.42 7.55)e-3 + (0.55 -0.16 0.82)t,7,0.015,0.06,Y,,,,,,,0.0125,0.0228,Y,,,,,,,,,,,,,NaN
c5-nrm-all.dat,99,0.02521,0.000,12,345.0815,55.6444,18.1897,1.0985,N,(4.93 -1.28 7.63)e-3 + (0.55 -0.15 0.83)t,7,0.015,0.06,Y,,,,,,,0.0126,0.0227,Y,,,,,,,,,,,,,NaN
c5-nrm-all.dat,100,0.02575,0.000,12,347.2935,55.3414,15.8020,1.0417,N,(5.05 -1.04 7.75)e-3 + (0.55 -0.13 0.82)t,7,0.015,0.06,Y,,,,,,,0.0129,0.0226,Y,,,,,,,,,,,,,NaN
c5-nrm-all.dat,101,0.02658,0.000,12,350.3265,54.5510,16.2613,0.9979,N,(5.29 -0.72 7.89)e-3 + (0.57 -0.10 0.81)t,7,0.015,0.06,Y,,,,,,,0.0133,0.0224,Y,,,,,,,,,,,,,NaN
c5-nrm-all.dat,102,0.02760,0.000,12,353.4913,53.3691,17.4264,0.9509,N,(5.65 -0.38 8.05)e-3 + (0.59 -0.07 0.80)t,7,0.015,0.06,Y,,,,,,,0.0138,0.0224,Y,,,,,,,,,,,,,NaN
c5-nrm-all.dat,103,0.02880,0.000,12,355.8988,51.9577,20.3814,0.9470,N,(0.61 -0.01 0.82)e-2 + (0.61 -0.04 0.79)t,7,0.015,0.06,Y,,,,,,,0.0144,0.0223,Y,,,,,,,,,,,,,NaN
c5-nrm-all.dat,104,0.02989,0.000,12,356.3727,51.1259,25.8984,0.9692,N,(0.65 -0.01 0.84)e-2 + (0.63 -0.04 0.78)t,7,0.015,0.06,Y,,,,,,,0.0149,0.0223,Y,,,,,,,,,,,,,NaN
c5-nrm-all.dat,105,0.03059,0.000,12,354.6991,51.7535,28.2316,1.0230,N,(0.66 -0.04 0.87)e-2 + (0.62 -0.06 0.79)t,7,0.015,0.06,Y,,,,,,,0.0153,0.0223,Y,,,,,,,,,,,,,NaN
c5-nrm-all.dat,106,0.03052,0.000,12,351.1377,54.2867,27.7838,1.0798,N,(0.62 -0.09 0.89)e-2 + (0.58 -0.09 0.81)t,7,0.015,0.06,Y,,,,,,,0.0153,0.0222,Y,,,,,,,,,,,,,NaN
c5-nrm-all.dat,107,0.02978,0.000,12,346.4756,57.8535,29.1404,1.1544,N,(0.55 -0.14 0.90)e-2 + (0.52 -0.12 0.85)t,7,0.015,0.06,Y,,,,,,,0.0149,0.0223,Y,,,,,,,,,,,,,NaN
c5-nrm-all.dat,108,0.02868,0.000,12,340.9618,61.4969,28.4970,1.0869,N,(0.48 -0.18 0.90)e-2 + (0.45 -0.16 0.88)t,7,0.015,0.06,Y,,,,,,,0.0143,0.0224,Y,,,,,,,,,,,,,NaN
c5-nrm-all.dat,109,0.02780,0.000,12,336.2262,63.8632,29.9167,0.9761,N,(0.42 -0.20 0.89)e-2 + (0.40 -0.18 0.90)t,7,0.015,0.06,Y,,,,,,,0.0139,0.0225,Y,,,,,,,,,,,,,NaN
c5-nrm-all.dat,110,0.02740,0.000,12,334.3528,64.2629,29.0063,0.8614,N,(0.41 -0.21 0.89)e-2 + (0.39 -0.19 0.90)t,7,0.015,0.06,Y,,,,,,,0.0137,0.0227,Y,,,,,,,,,,,,,NaN
c5-nrm-all.dat,111,0.02744,0.000,12,335.5499,63.2459,32.5175,0.8175,N,(0.42 -0.20 0.89)e-2 + (0.41 -0.19 0.89)t,7,0.015,0.06,Y,,,,,,,0.0137,0.0228,Y,,,,,,,,,,,,,NaN
c5-nrm-all.dat,112,0.02773,0.000,12,338.5560,61.6696,36.4755,0.7813,N,(0.45 -0.17 0.89)e-2 + (0.44 -0.17 0.88)t,7,0.015,0.06,Y,,,,,,,0.0139,0.0227,Y,,,,,,,,,,,,,NaN
c5-nrm-all.dat,113,0.02825,0.000,12,342.6921,59.6614,29.4444,0.7954,N,(0.48 -0.13 0.89)e-2 + (0.48 -0.15 0.86)t,7,0.015,0.06,Y,,,,,,,0.0141,0.0225,Y,,,,,,,,,,,,,NaN
c5-nrm-all.dat,114,0.02903,0.000,12,346.3435,57.4877,16.4440,0.8150,N,(0.52 -0.09 0.88)e-2 + (0.52 -0.13 0.84)t,7,0.015,0.06,Y,,,,,,,0.0145,0.0222,Y,,,,,,,,,,,,,NaN
c5-nrm-all.dat,115,0.03010,0.000,12,348.5945,55.6610,14.2888,0.8257,N,(0.57 -0.07 0.89)e-2 + (0.55 -0.11 0.83)t,7,0.015,0.06,Y,,,,,,,0.0150,0.0220,Y,,,,,,,,,,,,,NaN
c5-nrm-all.dat,116,0.03130,0.000,12,349.4423,54.7129,16.9133,0.8111,N,(0.61 -0.07 0.91)e-2 + (0.57 -0.11 0.82)t,7,0.015,0.06,Y,,,,,,,0.0157,0.0218,Y,,,,,,,,,,,,,NaN
c5-nrm-all.dat,117,0.03221,0.000,12,349.1197,55.1668,24.0321,0.8142,N,(0.62 -0.08 0.94)e-2 + (0.56 -0.11 0.82)t,7,0.015,0.06,Y,,,,,,,0.0161,0.0218,Y,,,,,,,,,,,,,NaN
c5-nrm-all.dat,118,0.03260,0.000,12,347.6420,56.9152,31.3295,0.8448,N,(0.60 -0.12 0.97)e-2 + (0.53 -0.12 0.84)t,7,0.015,0.06,Y,,,,,,,0.0163,0.0218,Y,,,,,,,,,,,,,NaN
c5-nrm-all.dat,119,0.03247,0.000,12,344.9291,59.3436,40.5963,0.8737,N,(0.55 -0.15 0.99)e-2 + (0.49 -0.13 0.86)t,7,0.015,0.06,Y,,,,,,,0.0162,0.0218,Y,,,,,,,,,,,,,NaN
c5-nrm-all.dat,120,0.03205,0.000,12,341.0983,61.4517,37.0345,0.8936,N,(0.50 -0.19 0.99)e-2 + (0.45 -0.15 0.88)t,7,0.015,0.06,Y,,,,,,,0.0160,0.0219,Y,,,,,,,,,,,,,NaN
c5-nrm-all.dat,121,0.03154,0.000,12,336.5302,62.7063,28.7283,0.9375,N,(0.46 -0.22 0.99)e-2 + (0.42 -0.18 0.89)t,7,0.015,0.06,Y,,,,,,,0.0158,0.0219,Y,,,,,,,,,,,,,NaN
c5-nrm-all.dat,122,0.03109,0.000,12,333.1586,62.8403,24.9879,0.9785,N,(0.44 -0.24 0.97)e-2 + (0.41 -0.21 0.89)t,7,0.015,0.06,Y,,,,,,,0.0155,0.0219,Y,,,,,,,,,,,,,NaN
c5-nrm-all.dat,123,0.03074,0.000,12,332.1830,62.0623,25.3040,0.9748,N,(0.44 -0.24 0.96)e-2 + (0.41 -0.22 0.88)t,7,0.015,0.06,Y,,,,,,,0.0154,0.0219,Y,,,,,,,,,,,,,NaN
c5-nrm-all.dat,124,0.03059,0.000,12,333.8185,60.8416,29.7460,0.9596,N,(0.47 -0.23 0.94)e-2 + (0.44 -0.21 0.87)t,7,0.015,0.06,Y,,,,,,,0.0153,0.0220,Y,,,,,,,,,,,,,NaN
c5-nrm-all.dat,125,0.03071,0.000,12,336.9835,59.8238,32.8594,0.8968,N,(0.50 -0.20 0.94)e-2 + (0.46 -0.20 0.86)t,7,0.015,0.06,Y,,,,,,,0.0154,0.0220,Y,,,,,,,,,,,,,NaN
c5-nrm-all.dat,126,0.03114,0.000,12,341.1001,59.3584,34.4209,0.8466,N,(0.53 -0.17 0.95)e-2 + (0.48 -0.17 0.86)t,7,0.015,0.06,Y,,,,,,,0.0156,0.0221,Y,,,,,,,,,,,,,NaN
c5-nrm-all.dat,127,0.03175,0.000,12,345.0895,59.4622,28.5767,0.7830,N,(0.55 -0.13 0.98)e-2 + (0.49 -0.13 0.86)t,7,0.015,0.06,Y,,,,,,,0.0159,0.0223,Y,,,,,,,,,,,,,NaN
c5-nrm-all.dat,128,0.03239,0.000,12,347.9460,59.9331,26.1227,0.7570,N,(0.56 -0.11 1.01)e-2 + (0.49 -0.10 0.87)t,7,0.015,0.06,Y,,,,,,,0.0162,0.0224,Y,,,,,,,,,,,,,NaN
c5-nrm-all.dat,129,0.03309,0.000,12,349.1848,60.3798,25.8082,0.7408,N,(0.57 -0.10 1.04)e-2 + (0.49 -0.09 0.87)t,7,0.015,0.06,Y,,,,,,,0.0165,0.0225,Y,,,,,,,,,,,,,NaN
c5-nrm-all.dat,130,0.03380,0.000,12,348.4761,60.6740,25.5602,0.7192,N,(0.58 -0.11 1.07)e-2 + (0.48 -0.10 0.87)t,7,0.015,0.06,Y,,,,,,,0.0169,0.0226,Y,,,,,,,,,,,,,NaN
c5-nrm-all.dat,131,0.03442,0.000,12,346.3480,61.0924,24.9129,0.7040,N,(0.59 -0.14 1.10)e-2 + (0.47 -0.11 0.88)t,7,0.015,0.06,Y,,,,,,,0.0172,0.0227,Y,,,,,,,,,,,,,NaN
c5-nrm-all.dat,132,0.03474,0.000,12,343.6132,61.5795,28.2344,0.6792,N,(0.59 -0.17 1.12)e-2 + (0.46 -0.13 0.88)t,7,0.015,0.06,Y,,,,,,,0.0174,0.0229,Y,,,,,,,,,,,,,NaN
c5-nrm-all.dat,133,0.03460,0.000,12,341.5355,61.9567,32.9287,0.6832,N,(0.58 -0.19 1.12)e-2 + (0.45 -0.15 0.88)t,7,0.015,0.06,Y,,,,,,,0.0173,0.0230,Y,,,,,,,,,,,,,NaN
c5-nrm-all.dat,134,0.03410,0.000,12,340.7933,61.9284,37.1067,0.7269,N,(0.58 -0.20 1.11)e-2 + (0.44 -0.15 0.88)t,7,0.015,0.06,Y,,,,,,,0.0171,0.0232,Y,,,,,,,,,,,,,NaN
c5-nrm-all.dat,135,0.03361,0.000,12,342.0131,61.3862,38.0464,0.7975,N,(0.58 -0.19 1.10)e-2 + (0.46 -0.15 0.88)t,7,0.015,0.06,Y,,,,,,,0.0168,0.0233,Y,,,,,,,,,,,,,NaN
c5-nrm-all.dat,136,0.03326,0.000,12,344.2207,60.7168,34.3458,0.8188,N,(0.59 -0.17 1.09)e-2 + (0.47 -0.13 0.87)t,7,0.015,0.06,Y,,,,,,,0.0166,0.0234,Y,,,,,,,,,,,,,NaN
c5-nrm-all.dat,137,0.03287,0.000,12,346.4768,60.6421,32.0428,0.8301,N,(0.59 -0.14 1.08)e-2 + (0.48 -0.11 0.87)t,7,0.015,0.06,Y,,,,,,,0.0164,0.0235,Y,,,,,,,,,,,,,NaN
c5-nrm-all.dat,138,0.03212,0.000,12,347.9525,61.3777,29.4053,0.8587,N,(0.56 -0.12 1.07)e-2 + (0.47 -0.10 0.88)t,7,0.015,0.06,Y,,,,,,,0.0161,0.0236,Y,,,,,,,,,,,,,NaN
c5-nrm-all.dat,139,0.03088,0.000,12,348.7063,62.8950,27.4547,0.9340,N,(0.51 -0.11 1.05)e-2 + (0.45 -0.09 0.89)t,7,0.015,0.06,Y,,,,,,,0.0154,0.0237,Y,,,,,,,,,,,,,NaN
c5-nrm-all.dat,140,0.02946,0.000,12,349.1047,64.8115,28.1883,1.0203,N,(0.45 -0.10 1.02)e-2 + (0.42 -0.08 0.90)t,7,0.015,0.06,Y,,,,,,,0.0147,0.0238,Y,,,,,,,,,,,,,NaN
c5-nrm-all.dat,141,0.02824,0.000,12,349.7058,66.3201,26.9170,1.0988,N,(0.42 -0.09 0.99)e-2 + (0.40 -0.07 0.92)t,7,0.015,0.06,Y,,,,,,,0.0141,0.0239,Y,,,,,,,,,,,,,NaN
c5-nrm-all.dat,142,0.02748,0.000,12,351.3034,66.6894,25.8708,1.1022,N,(0.41 -0.07 0.97)e-2 + (0.39 -0.06 0.92)t,7,0.015,0.06,Y,,,,,,,0.0137,0.0240,Y,,,,,,,,,,,,,NaN
c5-nrm-all.dat,143,0.02727,0.000,12,354.5356,65.2471,27.1069,1.0421,N,(0.44 -0.05 0.96)e-2 + (0.42 -0.04 0.91)t,7,0.015,0.06,Y,,,,,,,0.0136,0.0241,Y,,,,,,,,,,,,,NaN
c5-nrm-all.dat,144,0.02760,0.000,12,358.3864,62.1531,33.9984,1.0963,N,(0.49 -0.03 0.94)e-2 + (0.47 -0.01 0.88)t,7,0.015,0.06,Y,,,,,,,0.0138,0.0241,Y,,,,,,,,,,,,,NaN
c5-nrm-all.dat,145,0.02820,0.000,12,1.8203,58.7097,28.3483,1.2892,N,(0.56 0.00 0.94)e-2 + (0.52 0.02 0.85)t,7,0.015,0.06,Y,,,,,,,0.0141,0.0241,Y,,,,,,,,,,,,,NaN
c5-nrm-all.dat,146,0.02844,0.000,12,4.4709,56.5979,21.1562,1.5128,N,(0.59 0.03 0.93)e-2 + (0.55 0.04 0.83)t,7,0.015,0.06,Y,,,,,,,0.0142,0.0242,Y,,,,,,,,,,,,,NaN
c5-nrm-all.dat,147,0.02740,0.000,12,6.7997,56.6592,18.8092,1.7890,N,(0.57 0.05 0.91)e-2 + (0.55 0.07 0.84)t,7,0.015,0.06,Y,,,,,,,0.0137,0.0244,Y,,,,,,,,,,,,,NaN
c5-nrm-all.dat,148,0.02471,0.000,12,9.3536,59.4486,16.6771,2.1211,N,(4.72 0.52 8.57)e-3 + (0.50 0.08 0.86)t,7,0.015,0.06,Y,,,,,,,0.0124,0.0245,Y,,,,,,,,,,,,,NaN
c5-nrm-all.dat,157,0.02816,0.000,12,7.2432,53.3822,18.9267,0.8081,N,(0.61 0.08 0.87)e-2 + (0.59 0.08 0.80)t,7,0.015,0.06,Y,,,,,,,0.0141,0.0234,Y,,,,,,,,,,,,,NaN
c5-nrm-all.dat,158,0.02884,0.000,12,7.9914,53.0695,17.2947,0.8561,N,(0.63 0.08 0.89)e-2 + (0.60 0.08 0.80)t,7,0.015,0.06,Y,,,,,,,0.0144,0.0234,Y,,,,,,,,,,,,,NaN
c5-nrm-all.dat,159,0.02908,0.000,12,8.8569,53.1803,16.3770,0.8703,N,(0.64 0.08 0.90)e-2 + (0.59 0.09 0.80)t,7,0.015,0.06,Y,,,,,,,0.0145,0.0235,Y,,,,,,,,,,,,,NaN
c5-nrm-all.dat,160,0.02908,0.000,12,9.4009,53.3712,15.6527,0.8743,N,(0.64 0.08 0.90)e-2 + (0.59 0.10 0.80)t,7,0.015,0.06,Y,,,,,,,0.0145,0.0235,Y,,,,,,,,,,,,,NaN
c5-nrm-all.dat,161,0.02885,0.000,12,9.2337,53.4809,16.9831,0.8653,N,(0.63 0.07 0.89)e-2 + (0.59 0.10 0.80)t,7,0.015,0.06,Y,,,,,,,0.0144,0.0234,Y,,,,,,,,,,,,,NaN
c5-nrm-all.dat,162,0.02826,0.000,12,8.1876,53.6531,17.1265,0.8530,N,(0.62 0.05 0.88)e-2 + (0.59 0.08 0.81)t,7,0.015,0.06,Y,,,,,,,0.0141,0.0234,Y,,,,,,,,,,,,,NaN
c5-nrm-all.dat,163,0.02723,0.000,12,6.6145,54.1340,13.6053,0.8943,N,(0.59 0.03 0.85)e-2 + (0.58 0.07 0.81)t,7,0.015,0.06,Y,,,,,,,0.0136,0.0233,Y,,,,,,,,,,,,,NaN
c5-nrm-all.dat,164,0.02596,0.000,12,5.2633,55.0028,11.7443,1.0109,N,(5.47 0.15 8.17)e-3 + (0.57 0.05 0.82)t,7,0.015,0.06,Y,,,,,,,0.0130,0.0233,Y,,,,,,,,,,,,,NaN
c5-nrm-all.dat,165,0.02476,0.000,12,4.8943,55.9747,15.0841,1.1231,N,(5.05 0.13 7.90)e-3 + (0.56 0.05 0.83)t,7,0.015,0.06,Y,,,,,,,0.0124,0.0232,Y,,,,,,,,,,,,,NaN
c5-nrm-all.dat,166,0.02384,0.000,12,5.5254,56.6441,18.1509,1.1904,N,(4.74 0.21 7.69)e-3 + (0.55 0.05 0.84)t,7,0.015,0.06,Y,,,,,,,0.0119,0.0232,Y,,,,,,,,,,,,,NaN
c5-nrm-all.dat,167,0.02317,0.000,12,7.0658,56.9493,19.3290,1.1838,N,(4.54 0.36 7.51)e-3 + (0.54 0.07 0.84)t,7,0.015,0.06,Y,,,,,,,0.0116,0.0233,Y,,,,,,,,,,,,,NaN
c5-nrm-all.dat,168,0.02265,0.000,12,8.7931,57.2061,18.8371,1.1363,N,(4.40 0.51 7.37)e-3 + (0.54 0.08 0.84)t,7,0.015,0.06,Y,,,,,,,0.0113,0.0233,Y,,,,,,,,,,,,,NaN
c5-nrm-all.dat,169,0.02227,0.000,12,10.1550,57.9787,19.7180,1.0709,N,(4.24 0.59 7.29)e-3 + (0.52 0.09 0.85)t,7,0.015,0.06,Y,,,,,,,0.0111,0.0233,Y,,,,,,,,,,,,,NaN
c5-nrm-all.dat,170,0.02215,0.000,12,11.1753,59.0948,21.8036,0.9771,N,(4.09 0.65 7.31)e-3 + (0.50 0.10 0.86)t,7,0.015,0.06,Y,,,,,,,0.0111,0.0233,Y,,,,,,,,,,,,,NaN
c5-nrm-all.dat,171,0.02254,0.000,12,12.0465,59.7092,25.1503,0.9081,N,(4.10 0.71 7.43)e-3 + (0.49 0.11 0.86)t,7,0.015,0.06,Y,,,,,,,0.0113,0.0232,Y,,,,,,,,,,,,,NaN
c5-nrm-all.dat,172,0.02349,0.000,12,12.9840,59.2629,25.7927,0.8822,N,(4.30 0.82 7.66)e-3 + (0.50 0.11 0.86)t,7,0.015,0.06,Y,,,,,,,0.0117,0.0231,Y,,,,,,,,,,,,,NaN
c5-nrm-all.dat,173,0.02499,0.000,12,14.0488,57.7067,23.8368,0.8883,N,(4.71 1.00 7.95)e-3 + (0.52 0.13 0.85)t,7,0.015,0.06,Y,,,,,,,0.0125,0.0229,Y,,,,,,,,,,,,,NaN
c5-nrm-all.dat,174,0.02673,0.000,12,15.2545,55.6537,21.0994,0.9541,N,(5.24 1.25 8.27)e-3 + (0.54 0.15 0.83)t,7,0.015,0.06,Y,,,,,,,0.0134,0.0227,Y,,,,,,,,,,,,,NaN
c5-nrm-all.dat,175,0.02851,0.000,12,16.8300,53.6379,19.4784,1.0370,N,(0.58 0.16 0.86)e-2 + (0.57 0.17 0.81)t,7,0.015,0.06,Y,,,,,,,0.0143,0.0226,Y,,,,,,,,,,,,,NaN
c5-nrm-all.dat,176,0.02994,0.000,12,18.6516,52.2278,17.4333,1.1061,N,(0.62 0.19 0.89)e-2 + (0.58 0.20 0.79)t,7,0.015,0.06,Y,,,,,,,0.0150,0.0226,Y,,,,,,,,,,,,,NaN
c5-nrm-all.dat,177,0.03086,0.000,12,20.3689,51.7099,16.6080,1.1234,N,(0.64 0.22 0.92)e-2 + (0.58 0.22 0.78)t,7,0.015,0.06,Y,,,,,,,0.0154,0.0227,Y,,,,,,,,,,,,,NaN
c5-nrm-all.dat,178,0.03131,0.000,12,21.6509,52.0311,15.3111,1.1398,N,(0.64 0.24 0.94)e-2 + (0.57 0.23 0.79)t,7,0.015,0.06,Y,,,,,,,0.0157,0.0228,Y,,,,,,,,,,,,,NaN
c5-nrm-all.dat,179,0.03137,0.000,12,22.4775,52.9735,15.1966,1.0626,N,(0.64 0.24 0.95)e-2 + (0.56 0.23 0.80)t,7,0.015,0.06,Y,,,,,,,0.0157,0.0229,Y,,,,,,,,,,,,,NaN
c5-nrm-all.dat,180,0.03125,0.000,12,23.1273,54.0635,17.8322,0.9703,N,(0.62 0.24 0.96)e-2 + (0.54 0.23 0.81)t,7,0.015,0.06,Y,,,,,,,0.0156,0.0231,Y,,,,,,,,,,,,,NaN
c5-nrm-all.dat,181,0.03115,0.000,12,24.0323,54.8172,22.8536,0.8667,N,(0.62 0.24 0.97)e-2 + (0.53 0.23 0.82)t,7,0.015,0.06,Y,,,,,,,0.0156,0.0232,Y,,,,,,,,,,,,,NaN
c5-nrm-all.dat,182,0.03123,0.000,12,25.0939,54.9573,26.7879,0.8366,N,(0.62 0.25 0.98)e-2 + (0.52 0.24 0.82)t,7,0.015,0.06,Y,,,,,,,0.0156,0.0234,Y,,,,,,,,,,,,,NaN
c5-nrm-all.dat,183,0.03147,0.000,12,25.6633,54.6680,26.4569,0.8518,N,(0.63 0.26 0.99)e-2 + (0.52 0.25 0.82)t,7,0.015,0.06,Y,,,,,,,0.0157,0.0236,Y,,,,,,,,,,,,,NaN
c5-nrm-all.dat,184,0.03177,0.000,12,25.0152,54.2521,24.2612,0.8849,N,(0.64 0.26 1.00)e-2 + (0.53 0.25 0.81)t,7,0.015,0.06,Y,,,,,,,0.0159,0.0238,Y,,,,,,,,,,,,,NaN
c5-nrm-all.dat,185,0.03208,0.000,12,23.0732,53.9318,18.7819,0.8475,N,(0.67 0.25 1.02)e-2 + (0.54 0.23 0.81)t,7,0.015,0.06,Y,,,,,,,0.0160,0.0240,Y,,,,,,,,,,,,,NaN
c5-nrm-all.dat,186,0.03257,0.000,12,20.2801,53.5444,18.4927,0.7712,N,(0.70 0.23 1.03)e-2 + (0.56 0.21 0.80)t,7,0.015,0.06,Y,,,,,,,0.0163,0.0241,Y,,,,,,,,,,,,,NaN
c5-nrm-all.dat,187,0.03340,0.000,12,17.7149,52.7859,21.7150,0.6902,N,(0.75 0.22 1.05)e-2 + (0.58 0.18 0.80)t,7,0.015,0.06,Y,,,,,,,0.0167,0.0242,Y,,,,,,,,,,,,,NaN
c5-nrm-all.dat,188,0.03453,0.000,12,16.2708,51.8049,26.5681,0.6227,N,(0.80 0.22 1.07)e-2 + (0.59 0.17 0.79)t,7,0.015,0.06,Y,,,,,,,0.0173,0.0242,Y,,,,,,,,,,,,,NaN
c5-nrm-all.dat,189,0.03559,0.000,12,16.4799,51.1491,30.6648,0.5556,N,(0.83 0.23 1.10)e-2 + (0.60 0.18 0.78)t,7,0.015,0.06,Y,,,,,,,0.0178,0.0241,Y,,,,,,,,,,,,,NaN
c5-nrm-all.dat,190,0.03656,0.000,12,17.9384,50.9962,29.1387,0.4834,N,(0.85 0.25 1.12)e-2 + (0.60 0.19 0.78)t,7,0.015,0.06,Y,,,,,,,0.0183,0.0241,Y,,,,,,,,,,,,,NaN
c5-nrm-all.dat,191,0.03748,0.000,12,19.9607,51.5444,21.9851,0.4385,N,(0.84 0.27 1.15)e-2 + (0.58 0.21 0.78)t,7,0.015,0.06,Y,,,,,,,0.0187,0.0240,Y,,,,,,,,,,,,,NaN
c5-nrm-all.dat,192,0.03809,0.000,12,21.8525,52.7332,17.4094,0.3341,N,(0.82 0.29 1.19)e-2 + (0.56 0.23 0.80)t,7,0.015,0.06,Y,,,,,,,0.0190,0.0239,Y,,,,,,,,,,,,,NaN
c5-nrm-all.dat,193,0.03822,0.000,12,23.1626,54.2856,22.1238,0.3371,N,(0.79 0.28 1.21)e-2 + (0.54 0.23 0.81)t,7,0.015,0.06,Y,,,,,,,0.0191,0.0238,Y,,,,,,,,,,,,,NaN
c5-nrm-all.dat,194,0.03774,0.000,12,23.8583,56.2834,35.1072,0.2823,N,(0.73 0.26 1.21)e-2 + (0.51 0.22 0.83)t,7,0.015,0.06,Y,,,,,,,0.0189,0.0236,Y,,,,,,,,,,,,,NaN
c5-nrm-all.dat,195,0.03686,0.000,12,23.6145,58.6442,37.2593,0.2701,N,(0.67 0.23 1.21)e-2 + (0.48 0.21 0.85)t,7,0.015,0.06,Y,,,,,,,0.0184,0.0235,Y,,,,,,,,,,,,,NaN
c5-nrm-all.dat,196,0.03592,0.000,12,21.5590,61.1056,31.3845,0.3061,N,(0.61 0.18 1.20)e-2 + (0.45 0.18 0.88)t,7,0.015,0.06,Y,,,,,,,0.0180,0.0234,Y,,,,,,,,,,,,,NaN
c5-nrm-all.dat,197,0.03535,0.000,12,17.3372,62.3879,22.8061,0.4396,N,(0.59 0.13 1.20)e-2 + (0.44 0.14 0.89)t,7,0.015,0.06,Y,,,,,,,0.0177,0.0234,Y,,,,,,,,,,,,,NaN
c5-nrm-all.dat,198,0.03540,0.000,12,12.0847,61.5348,13.6730,0.5876,N,(0.63 0.09 1.19)e-2 + (0.47 0.10 0.88)t,7,0.015,0.06,Y,,,,,,,0.0177,0.0235,Y,,,,,,,,,,,,,NaN
c5-nrm-all.dat,199,0.03617,0.000,12,8.3682,58.9091,23.1439,0.7011,N,(0.71 0.07 1.19)e-2 + (0.51 0.08 0.86)t,7,0.015,0.06,Y,,,,,,,0.0181,0.0236,Y,,,,,,,,,,,,,NaN
c5-nrm-all.dat,200,0.03742,0.000,12,7.3281,55.9254,23.9828,0.7057,N,(0.81 0.08 1.18)e-2 + (0.56 0.07 0.83)t,7,0.015,0.06,Y,,,,,,,0.0187,0.0237,Y,,,,,,,,,,,,,NaN
c5-nrm-all.dat,201,0.03901,0.000,12,8.4089,53.4941,24.5827,0.6460,N,(0.89 0.12 1.19)e-2 + (0.59 0.09 0.80)t,7,0.015,0.06,Y,,,,,,,0.0195,0.0236,Y,,,,,,,,,,,,,NaN
c5-nrm-all.dat,202,0.04062,0.000,12,10.7124,52.7547,28.8403,0.5743,N,(0.92 0.17 1.21)e-2 + (0.59 0.11 0.80)t,7,0.015,0.06,Y,,,,,,,0.0203,0.0233,Y,,,,,,,,,,,,,NaN
c5-nrm-all.dat,203,0.04202,0.000,12,13.0370,53.8740,38.4605,0.5078,N,(0.90 0.21 1.26)e-2 + (0.57 0.13 0.81)t,7,0.015,0.06,Y,,,,,,,0.0210,0.0231,Y,,,,,,,,,,,,,NaN
c5-nrm-all.dat,204,0.04367,0.000,12,13.6686,56.0086,27.1149,0.4579,N,(0.87 0.21 1.33)e-2 + (0.54 0.13 0.83)t,7,0.015,0.06,Y,,,,,,,0.0218,0.0228,Y,,,,,,,,,,,,,NaN
c5-nrm-all.dat,205,0.04578,0.000,12,10.9838,58.0193,24.1355,0.3503,N,(0.86 0.16 1.42)e-2 + (0.52 0.10 0.85)t,7,0.015,0.06,Y,,,,,,,0.0229,0.0226,Y,,,,,,,,,,,,,NaN
c5-nrm-all.dat,206,0.04835,0.000,12,5.1595,58.4253,40.6800,0.3761,N,(0.92 0.08 1.50)e-2 + (0.52 0.05 0.85)t,7,0.015,0.06,Y,,,,,,,0.0242,0.0225,Y,,,,,,,,,,,,,NaN
c5-nrm-all.dat,207,0.05109,0.000,12,359.5568,56.8472,30.9249,0.4724,N,(1.01 -0.00 1.55)e-2 + (0.55 -0.00 0.84)t,7,0.015,0.06,Y,,,,,,,0.0255,0.0225,Y,,,,,,,,,,,,,NaN
c5-nrm-all.dat,208,0.05282,0.000,12,356.9448,54.8891,22.8466,0.5483,N,(1.10 -0.04 1.57)e-2 + (0.57 -0.03 0.82)t,7,0.015,0.06,Y,,,,,,,0.0264,0.0225,Y,,,,,,,,,,,,,NaN
c5-nrm-all.dat,209,0.05300,0.000,12,357.6064,53.9664,17.7824,0.6722,N,(1.12 -0.02 1.57)e-2 + (0.59 -0.02 0.81)t,7,0.015,0.06,Y,,,,,,,0.0265,0.0225,Y,,,,,,,,,,,,,NaN
c5-nrm-all.dat,210,0.05210,0.000,12,0.8122,54.3850,19.6108,0.7515,N,(1.09 0.04 1.57)e-2 + (0.58 0.01 0.81)t,7,0.015,0.06,Y,,,,,,,0.0261,0.0227,Y,,,,,,,,,,,,,NaN
c5-nrm-all.dat,211,0.05098,0.000,12,4.9664,55.7506,22.9279,0.7317,N,(1.04 0.10 1.58)e-2 + (0.56 0.05 0.83)t,7,0.015,0.06,Y,,,,,,,0.0255,0.0230,Y,,,,,,,,,,,,,NaN
c5-nrm-all.dat,212,0.04987,0.000,12,8.0021,57.3187,27.3181,0.6411,N,(0.98 0.14 1.60)e-2 + (0.53 0.08 0.84)t,7,0.015,0.06,Y,,,,,,,0.0249,0.0234,Y,,,,,,,,,,,,,NaN
c5-nrm-all.dat,213,0.04873,0.000,12,8.7521,58.7156,39.4714,0.4712,N,(0.93 0.14 1.61)e-2 + (0.51 0.08 0.85)t,7,0.015,0.06,Y,,,,,,,0.0244,0.0238,Y,,,,,,,,,,,,,NaN
c5-nrm-all.dat,214,0.04757,0.000,12,7.1915,59.9954,33.5777,0.4104,N,(0.89 0.10 1.61)e-2 + (0.50 0.06 0.87)t,7,0.015,0.06,Y,,,,,,,0.0238,0.0241,Y,,,,,,,,,,,,,NaN
c5-nrm-all.dat,215,0.04663,0.000,12,4.1699,61.5505,21.8459,0.4079,N,(0.86 0.04 1.62)e-2 + (0.48 0.03 0.88)t,7,0.015,0.06,Y,,,,,,,0.0233,0.0244,Y,,,,,,,,,,,,,NaN
c5-nrm-all.dat,216,0.04629,0.000,12,1.1225,62.9893,16.2502,0.4786,N,(0.83 -0.01 1.63)e-2 + (0.45 0.01 0.89)t,7,0.015,0.06,Y,,,,,,,0.0231,0.0246,Y,,,,,,,,,,,,,NaN
c5-nrm-all.dat,217,0.04659,0.000,12,359.1800,63.6521,15.7665,0.5604,N,(0.83 -0.03 1.65)e-2 + (0.44 -0.01 0.90)t,7,0.015,0.06,Y,,,,,,,0.0233,0.0247,Y,,,,,,,,,,,,,NaN
c5-nrm-all.dat,218,0.04718,0.000,12,358.8595,63.5956,13.9034,0.6229,N,(0.85 -0.03 1.67)e-2 + (0.44 -0.01 0.90)t,7,0.015,0.06,Y,,,,,,,0.0236,0.0246,Y,,,,,,,,,,,,,NaN
c5-nrm-all.dat,219,0.04755,0.000,12,359.9354,63.1804,13.6415,0.7042,N,(0.86 -0.01 1.67)e-2 + (0.45 -0.00 0.89)t,7,0.015,0.06,Y,,,,,,,0.0238,0.0245,Y,,,,,,,,,,,,,NaN
c5-nrm-all.dat,220,0.04754,0.000,12,2.2144,62.5162,17.6716,0.7856,N,(0.87 0.02 1.65)e-2 + (0.46 0.02 0.89)t,7,0.015,0.06,Y,,,,,,,0.0238,0.0244,Y,,,,,,,,,,,,,NaN
c5-nrm-all.dat,221,0.04737,0.000,12,4.9256,61.8352,22.4391,0.8152,N,(0.87 0.07 1.63)e-2 + (0.47 0.04 0.88)t,7,0.015,0.06,Y,,,,,,,0.0237,0.0242,Y,,,,,,,,,,,,,NaN
c5-nrm-all.dat,222,0.04730,0.000,12,7.2300,61.2370,24.4837,0.7729,N,(0.87 0.11 1.61)e-2 + (0.48 0.06 0.88)t,7,0.015,0.06,Y,,,,,,,0.0236,0.0240,Y,,,,,,,,,,,,,NaN
c5-nrm-all.dat,223,0.04752,0.000,12,7.9382,60.6575,25.4280,0.6842,N,(0.88 0.12 1.59)e-2 + (0.49 0.07 0.87)t,7,0.015,0.06,Y,,,,,,,0.0238,0.0238,Y,,,,,,,,,,,,,NaN
c5-nrm-all.dat,224,0.04792,0.000,12,6.9245,60.4438,23.6643,0.6615,N,(0.88 0.11 1.59)e-2 + (0.49 0.06 0.87)t,7,0.015,0.06,Y,,,,,,,0.0240,0.0235,Y,,,,,,,,,,,,,NaN
c5-nrm-all.dat,225,0.04826,0.000,12,5.2909,61.3576,13.2969,0.8116,N,(0.86 0.08 1.60)e-2 + (0.48 0.04 0.88)t,7,0.015,0.06,Y,,,,,,,0.0241,0.0234,Y,,,,,,,,,,,,,NaN
c5-nrm-all.dat,226,0.04853,0.000,12,3.9838,63.9083,9.7016,0.9778,N,(0.79 0.05 1.65)e-2 + (0.44 0.03 0.90)t,7,0.015,0.06,Y,,,,,,,0.0243,0.0234,Y,,,,,,,,,,,,,NaN
c5-nrm-all.dat,227,0.04937,0.000,12,3.5072,68.1432,11.4266,1.1959,N,(0.68 0.03 1.76)e-2 + (0.37 0.02 0.93)t,7,0.015,0.06,Y,,,,,,,0.0247,0.0236,Y,,,,,,,,,,,,,NaN
c5-nrm-all.dat,228,0.05190,0.000,12,3.9972,72.9718,12.4070,1.2358,N,(0.56 0.02 1.95)e-2 + (0.29 0.02 0.96)t,7,0.015,0.06,Y,,,,,,,0.0259,0.0242,Y,,,,,,,,,,,,,NaN
c5-nrm-all.dat,229,0.05666,0.000,12,5.1875,76.4041,13.7931,1.1844,N,(0.49 0.01 2.21)e-2 + (0.23 0.02 0.97)t,7,0.015,0.06,Y,,,,,,,0.0283,0.0248,Y,,,,,,,,,,,,,NaN
c5-nrm-all.dat,230,0.06365,0.000,12,6.6586,77.5030,17.8199,0.9794,N,(0.51 0.02 2.55)e-2 + (0.21 0.03 0.98)t,7,0.015,0.06,Y,,,,,,,0.0318,0.0254,Y,,,,,,,,,,,,,NaN
c5-nrm-all.dat,231,0.07198,0.000,12,7.2584,75.7812,28.7688,0.7982,N,(0.69 0.04 2.93)e-2 + (0.24 0.03 0.97)t,7,0.015,0.06,Y,,,,,,,0.0360,0.0261,Y,,,,,,,,,,,,,NaN
c5-nrm-all.dat,232,0.08149,0.000,12,5.7815,71.7986,32.8641,0.5166,N,(1.05 0.05 3.31)e-2 + (0.31 0.03 0.95)t,7,0.015,0.06,Y,,,,,,,0.0407,0.0265,Y,,,,,,,,,,,,,NaN
c5-nrm-all.dat,233,0.09170,0.000,12,3.1326,65.9034,22.8457,0.5516,N,(1.60 0.04 3.62)e-2 + (0.41 0.02 0.91)t,7,0.015,0.06,Y,,,,,,,0.0459,0.0269,Y,,,,,,,,,,,,,NaN
c5-nrm-all.dat,234,0.1007,0.000,12,1.1881,59.6280,23.2643,0.5840,N,(2.25 0.01 3.79)e-2 + (0.51 0.01 0.86)t,7,0.015,0.06,Y,,,,,,,0.0504,0.0272,Y,,,,,,,,,,,,,NaN
c5-nrm-all.dat,235,0.1059,0.000,12,0.3593,53.8932,25.4178,0.4346,N,(2.78 -0.00 3.74)e-2 + (0.59 0.00 0.81)t,7,0.015,0.06,Y,,,,,,,0.0529,0.0273,Y,,,,,,,,,,,,,NaN
c5-nrm-all.dat,236,0.1041,0.000,12,0.8314,49.7374,24.0270,0.4499,N,(3.01 0.04 3.44)e-2 + (0.65 0.01 0.76)t,7,0.015,0.06,Y,,,,,,,0.0521,0.0271,Y,,,,,,,,,,,,,NaN
c5-nrm-all.dat,237,0.09556,0.000,12,2.4711,47.5459,22.7140,0.3862,N,(2.85 0.14 2.99)e-2 + (0.67 0.03 0.74)t,7,0.015,0.06,Y,,,,,,,0.0478,0.0266,Y,,,,,,,,,,,,,NaN
c5-nrm-all.dat,238,0.08184,0.000,12,4.7880,47.9436,38.7836,0.5032,N,(2.37 0.21 2.51)e-2 + (0.67 0.06 0.74)t,7,0.015,0.06,Y,,,,,,,0.0409,0.0257,Y,,,,,,,,,,,,,NaN
c5-nrm-all.dat,239,0.06684,0.000,12,7.4451,51.0270,35.1127,0.6833,N,(1.77 0.24 2.10)e-2 + (0.62 0.08 0.78)t,7,0.015,0.06,Y,,,,,,,0.0334,0.0249,Y,,,,,,,,,,,,,NaN
c5-nrm-all.dat,240,0.05429,0.000,12,10.6501,55.9951,31.0974,0.7716,N,(1.23 0.23 1.78)e-2 + (0.55 0.10 0.83)t,7,0.015,0.06,Y,,,,,,,0.0271,0.0244,Y,,,,,,,,,,,,,NaN
c5-nrm-all.dat,241,0.04509,0.000,12,15.2655,61.5627,21.7742,0.8237,N,(0.82 0.22 1.56)e-2 + (0.46 0.13 0.88)t,7,0.015,0.06,Y,,,,,,,0.0225,0.0242,Y,,,,,,,,,,,,,NaN
c5-nrm-all.dat,242,0.04003,0.000,12,20.5343,64.7206,21.2373,0.6878,N,(0.61 0.23 1.43)e-2 + (0.40 0.15 0.90)t,7,0.015,0.06,Y,,,,,,,0.0200,0.0241,Y,,,,,,,,,,,,,NaN
c5-nrm-all.dat,243,0.03784,0.000,12,24.0592,64.2737,23.0341,0.6825,N,(0.55 0.25 1.35)e-2 + (0.40 0.18 0.90)t,7,0.015,0.06,Y,,,,,,,0.0189,0.0241,Y,,,,,,,,,,,,,NaN
c5-nrm-all.dat,244,0.03750,0.000,12,23.6220,60.9170,23.1880,0.7289,N,(0.61 0.28 1.30)e-2 + (0.45 0.19 0.87)t,7,0.015,0.06,Y,,,,,,,0.0187,0.0241,Y,,,,,,,,,,,,,NaN
c5-nrm-all.dat,245,0.03802,0.000,12,20.7427,56.3260,20.6527,0.7485,N,(0.73 0.29 1.26)e-2 + (0.52 0.20 0.83)t,7,0.015,0.06,Y,,,,,,,0.0190,0.0241,Y,,,,,,,,,,,,,NaN
c5-nrm-all.dat,246,0.03852,0.000,12,17.7929,51.8887,24.2876,0.6808,N,(0.85 0.29 1.21)e-2 + (0.59 0.19 0.79)t,7,0.015,0.06,Y,,,,,,,0.0193,0.0241,Y,,,,,,,,,,,,,NaN
c5-nrm-all.dat,247,0.03827,0.000,12,15.6309,47.9158,19.1328,0.8341,N,(0.93 0.27 1.13)e-2 + (0.65 0.18 0.74)t,7,0.015,0.06,Y,,,,,,,0.0191,0.0240,Y,,,,,,,,,,,,,NaN
c5-nrm-all.dat,248,0.03682,0.000,12,14.8284,44.6414,17.8200,0.8761,N,(0.95 0.27 1.03)e-2 + (0.69 0.18 0.70)t,7,0.015,0.06,Y,,,,,,,0.0184,0.0239,Y,,,,,,,,,,,,,NaN
c5-nrm-all.dat,257,0.03907,0.000,12,17.7166,46.8794,15.3711,0.9806,N,(0.94 0.34 1.12)e-2 + (0.65 0.21 0.73)t,7,0.015,0.06,Y,,,,,,,0.0195,0.0238,Y,,,,,,,,,,,,,NaN
c5-nrm-all.dat,258,0.03927,0.000,12,16.5973,48.8123,18.5871,0.9953,N,(0.92 0.32 1.17)e-2 + (0.63 0.19 0.75)t,7,0.015,0.06,Y,,,,,,,0.0196,0.0239,Y,,,,,,,,,,,,,NaN
c5-nrm-all.dat,259,0.03903,0.000,12,15.3000,50.4146,19.5635,1.0903,N,(0.90 0.29 1.20)e-2 + (0.61 0.17 0.77)t,7,0.015,0.06,Y,,,,,,,0.0195,0.0241,Y,,,,,,,,,,,,,NaN
c5-nrm-all.dat,260,0.03857,0.000,12,14.1819,51.5998,20.7255,1.1550,N,(0.88 0.26 1.21)e-2 + (0.60 0.15 0.78)t,7,0.015,0.06,Y,,,,,,,0.0193,0.0243,Y,,,,,,,,,,,,,NaN
c5-nrm-all.dat,261,0.03818,0.000,12,13.6750,52.1552,21.1677,1.2387,N,(0.86 0.24 1.21)e-2 + (0.60 0.15 0.79)t,7,0.015,0.06,Y,,,,,,,0.0191,0.0244,Y,,,,,,,,,,,,,NaN
c5-nrm-all.dat,262,0.03819,0.000,12,14.1513,52.0034,22.5247,1.2725,N,(0.87 0.25 1.21)e-2 + (0.60 0.15 0.79)t,7,0.015,0.06,Y,,,,,,,0.0191,0.0245,Y,,,,,,,,,,,,,NaN
c5-nrm-all.dat,263,0.03874,0.000,12,15.4568,51.5354,24.7991,1.2397,N,(0.89 0.27 1.22)e-2 + (0.60 0.17 0.78)t,7,0.015,0.06,Y,,,,,,,0.0194,0.0245,Y,,,,,,,,,,,,,NaN
c5-nrm-all.dat,264,0.03943,0.000,12,16.7011,51.6504,28.2733,1.1190,N,(0.91 0.29 1.24)e-2 + (0.59 0.18 0.78)t,7,0.015,0.06,Y,,,,,,,0.0197,0.0245,Y,,,,,,,,,,,,,NaN
c5-nrm-all.dat,265,0.03975,0.000,12,17.2018,52.8453,32.7790,0.9322,N,(0.89 0.29 1.27)e-2 + (0.58 0.18 0.80)t,7,0.015,0.06,Y,,,,,,,0.0199,0.0245,Y,,,,,,,,,,,,,NaN
c5-nrm-all.dat,266,0.03936,0.000,12,16.4260,54.8275,31.7835,0.8487,N,(0.85 0.27 1.30)e-2 + (0.55 0.16 0.82)t,7,0.015,0.06,Y,,,,,,,0.0197,0.0247,Y,,,,,,,,,,,,,NaN
c5-nrm-all.dat,267,0.03853,0.000,12,14.3178,56.8376,28.7207,0.7899,N,(0.81 0.23 1.31)e-2 + (0.53 0.14 0.84)t,7,0.015,0.06,Y,,,,,,,0.0193,0.0248,Y,,,,,,,,,,,,,NaN
c5-nrm-all.dat,268,0.03781,0.000,12,11.4456,57.6773,20.9519,0.8293,N,(0.79 0.19 1.30)e-2 + (0.52 0.11 0.85)t,7,0.015,0.06,Y,,,,,,,0.0189,0.0249,Y,,,,,,,,,,,,,NaN
c5-nrm-all.dat,269,0.03761,0.000,12,9.0810,56.5273,13.6733,0.9286,N,(0.82 0.18 1.28)e-2 + (0.54 0.09 0.83)t,7,0.015,0.06,Y,,,,,,,0.0188,0.0250,Y,,,,,,,,,,,,,NaN
c5-nrm-all.dat,270,0.03801,0.000,12,7.8771,54.1167,13.1467,0.9601,N,(0.88 0.18 1.27)e-2 + (0.58 0.08 0.81)t,7,0.015,0.06,Y,,,,,,,0.0190,0.0251,Y,,,,,,,,,,,,,NaN
c5-nrm-all.dat,271,0.03883,0.000,12,7.6641,51.6733,14.4896,1.0282,N,(0.95 0.20 1.25)e-2 + (0.61 0.08 0.78)t,7,0.015,0.06,Y,,,,,,,0.0194,0.0251,Y,,,,,,,,,,,,,NaN
c5-nrm-all.dat,272,0.03951,0.000,12,7.9891,50.3673,16.6550,0.9261,N,(1.00 0.21 1.26)e-2 + (0.63 0.09 0.77)t,7,0.015,0.06,Y,,,,,,,0.0198,0.0251,Y,,,,,,,,,,,,,NaN
c5-nrm-all.dat,273,0.03963,0.000,12,8.3620,50.3953,16.2617,0.8633,N,(1.00 0.21 1.26)e-2 + (0.63 0.09 0.77)t,7,0.015,0.06,Y,,,,,,,0.0198,0.0252,Y,,,,,,,,,,,,,NaN
c5-nrm-all.dat,274,0.03925,0.000,12,8.4266,51.3310,13.2436,0.8736,N,(0.97 0.20 1.27)e-2 + (0.62 0.09 0.78)t,7,0.015,0.06,Y,,,,,,,0.0196,0.0252,Y,,,,,,,,,,,,,NaN
c5-nrm-all.dat,275,0.03876,0.000,12,8.1225,52.5040,10.4781,0.8656,N,(0.94 0.19 1.28)e-2 + (0.60 0.09 0.79)t,7,0.015,0.06,Y,,,,,,,0.0194,0.0253,Y,,,,,,,,,,,,,NaN
c5-nrm-all.dat,276,0.03852,0.000,12,7.6910,53.3772,10.7179,0.8467,N,(0.93 0.17 1.29)e-2 + (0.59 0.08 0.80)t,7,0.015,0.06,Y,,,,,,,0.0193,0.0255,Y,,,,,,,,,,,,,NaN
c5-nrm-all.dat,277,0.03866,0.000,12,7.7401,53.8631,11.5342,0.7992,N,(0.94 0.17 1.30)e-2 + (0.58 0.08 0.81)t,7,0.015,0.06,Y,,,,,,,0.0193,0.0257,Y,,,,,,,,,,,,,NaN
c5-nrm-all.dat,278,0.03911,0.000,12,8.6931,54.2078,13.5811,0.7177,N,(0.95 0.18 1.33)e-2 + (0.58 0.09 0.81)t,7,0.015,0.06,Y,,,,,,,0.0196,0.0260,Y,,,,,,,,,,,,,NaN
c5-nrm-all.dat,279,0.03978,0.000,12,10.5499,54.6118,15.6771,0.6746,N,(0.95 0.20 1.37)e-2 + (0.57 0.11 0.82)t,7,0.015,0.06,Y,,,,,,,0.0199,0.0260,Y,,,,,,,,,,,,,NaN
c5-nrm-all.dat,280,0.04045,0.000,12,12.8879,55.0927,21.3563,0.7306,N,(0.94 0.23 1.40)e-2 + (0.56 0.13 0.82)t,7,0.015,0.06,Y,,,,,,,0.0202,0.0260,Y,,,,,,,,,,,,,NaN
c5-nrm-all.dat,281,0.04094,0.000,12,14.8476,55.6433,23.5394,0.8211,N,(0.91 0.26 1.42)e-2 + (0.55 0.14 0.83)t,7,0.015,0.06,Y,,,,,,,0.0205,0.0257,Y,,,,,,,,,,,,,NaN
c5-nrm-all.dat,282,0.04101,0.000,12,16.2926,56.4446,20.9251,0.9245,N,(0.86 0.27 1.43)e-2 + (0.53 0.16 0.83)t,7,0.015,0.06,Y,,,,,,,0.0205,0.0254,Y,,,,,,,,,,,,,NaN
c5-nrm-all.dat,283,0.04064,0.000,12,17.2774,57.1945,18.9824,0.9314,N,(0.82 0.27 1.42)e-2 + (0.52 0.16 0.84)t,7,0.015,0.06,Y,,,,,,,0.0203,0.0251,Y,,,,,,,,,,,,,NaN
c5-nrm-all.dat,284,0.03998,0.000,12,17.8636,57.1428,16.2457,0.9337,N,(0.79 0.27 1.38)e-2 + (0.52 0.17 0.84)t,7,0.015,0.06,Y,,,,,,,0.0200,0.0248,Y,,,,,,,,,,,,,NaN
c5-nrm-all.dat,285,0.03951,0.000,12,17.4659,55.4395,11.3172,0.9316,N,(0.80 0.29 1.33)e-2 + (0.54 0.17 0.82)t,7,0.015,0.06,Y,,,,,,,0.0198,0.0245,Y,,,,,,,,,,,,,NaN
c5-nrm-all.dat,286,0.03975,0.000,12,15.7844,52.2841,6.8447,0.9879,N,(0.87 0.30 1.27)e-2 + (0.59 0.17 0.79)t,7,0.015,0.06,Y,,,,,,,0.0199,0.0243,Y,,,,,,,,,,,,,NaN
c5-nrm-all.dat,287,0.04084,0.000,12,13.2005,48.9821,4.5173,0.8411,N,(0.98 0.30 1.24)e-2 + (0.64 0.15 0.75)t,7,0.015,0.06,Y,,,,,,,0.0204,0.0243,Y,,,,,,,,,,,,,NaN
c5-nrm-all.dat,288,0.04232,0.000,12,10.4275,46.7230,10.2905,0.7767,N,(1.08 0.27 1.24)e-2 + (0.67 0.12 0.73)t,7,0.015,0.06,Y,,,,,,,0.0212,0.0242,Y,,,,,,,,,,,,,NaN
c5-nrm-all.dat,289,0.04348,0.000,12,7.8485,46.0943,13.4971,0.7259,N,(1.13 0.23 1.25)e-2 + (0.69 0.09 0.72)t,7,0.015,0.06,Y,,,,,,,0.0217,0.0242,Y,,,,,,,,,,,,,NaN
c5-nrm-all.dat,290,0.04395,0.000,12,5.9990,46.7940,13.2930,0.7659,N,(1.14 0.19 1.27)e-2 + (0.68 0.07 0.73)t,7,0.015,0.06,Y,,,,,,,0.0220,0.0240,Y,,,,,,,,,,,,,NaN
c5-nrm-all.dat,291,0.04386,0.000,12,5.4907,48.3431,10.5433,0.8458,N,(1.10 0.17 1.29)e-2 + (0.66 0.06 0.75)t,7,0.015,0.06,Y,,,,,,,0.0219,0.0239,Y,,,,,,,,,,,,,NaN
c5-nrm-all.dat,292,0.04360,0.000,12,6.7571,49.9194,10.5968,0.9110,N,(1.05 0.18 1.31)e-2 + (0.64 0.08 0.77)t,7,0.015,0.06,Y,,,,,,,0.0218,0.0238,Y,,,,,,,,,,,,,NaN
c5-nrm-all.dat,293,0.04357,0.000,12,9.6198,50.6856,10.5014,0.9878,N,(1.02 0.22 1.33)e-2 + (0.62 0.11 0.77)t,7,0.015,0.06,Y,,,,,,,0.0218,0.0239,Y,,,,,,,,,,,,,NaN
c5-nrm-all.dat,294,0.04394,0.000,12,12.6988,50.4969,12.8412,1.0063,N,(1.02 0.27 1.34)e-2 + (0.62 0.14 0.77)t,7,0.015,0.06,Y,,,,,,,0.0220,0.0240,Y,,,,,,,,,,,,,NaN
c5-nrm-all.dat,295,0.04459,0.000,12,14.8242,50.0589,12.5339,0.8872,N,(1.04 0.32 1.36)e-2 + (0.62 0.16 0.77)t,7,0.015,0.06,Y,,,,,,,0.0223,0.0241,Y,,,,,,,,,,,,,NaN
c5-nrm-all.dat,296,0.04513,0.000,12,16.0133,50.0978,18.2091,0.7946,N,(1.06 0.35 1.38)e-2 + (0.62 0.18 0.77)t,7,0.015,0.06,Y,,,,,,,0.0226,0.0243,Y,,,,,,,,,,,,,NaN
c5-nrm-all.dat,297,0.04525,0.000,12,16.6096,50.8191,29.6472,0.7384,N,(1.05 0.36 1.40)e-2 + (0.61 0.18 0.78)t,7,0.015,0.06,Y,,,,,,,0.0226,0.0244,Y,,,,,,,,,,,,,NaN
c5-nrm-all.dat,298,0.04490,0.000,12,16.9838,51.9731,40.3001,0.7646,N,(1.03 0.36 1.42)e-2 + (0.59 0.18 0.79)t,7,0.015,0.06,Y,,,,,,,0.0225,0.0246,Y,,,,,,,,,,,,,NaN
c5-nrm-all.dat,299,0.04444,0.000,12,17.4046,53.0814,40.7945,0.7463,N,(1.00 0.36 1.43)e-2 + (0.57 0.18 0.80)t,7,0.015,0.06,Y,,,,,,,0.0222,0.0247,Y,,,,,,,,,,,,,NaN
c5-nrm-all.dat,300,0.04414,0.000,12,17.8948,53.7841,34.7085,0.7340,N,(0.98 0.36 1.44)e-2 + (0.56 0.18 0.81)t,7,0.015,0.06,Y,,,,,,,0.0221,0.0248,Y,,,,,,,,,,,,,NaN
c5-nrm-all.dat,301,0.04399,0.000,12,18.4851,54.0879,29.2131,0.7685,N,(0.97 0.36 1.44)e-2 + (0.56 0.19 0.81)t,7,0.015,0.06,Y,,,,,,,0.0220,0.0247,Y,,,,,,,,,,,,,NaN
c5-nrm-all.dat,302,0.04399,0.000,12,18.7812,53.9866,24.9356,0.8575,N,(0.96 0.36 1.44)e-2 + (0.56 0.19 0.81)t,7,0.015,0.06,Y,,,,,,,0.0220,0.0246,Y,,,,,,,,,,,,,NaN
c5-nrm-all.dat,303,0.04408,0.000,12,18.2857,53.6773,20.4902,0.9238,N,(0.97 0.35 1.44)e-2 + (0.56 0.19 0.81)t,7,0.015,0.06,Y,,,,,,,0.0220,0.0245,Y,,,,,,,,,,,,,NaN
c5-nrm-all.dat,304,0.04419,0.000,12,17.1033,53.5113,13.8548,0.9531,N,(0.97 0.33 1.43)e-2 + (0.57 0.17 0.80)t,7,0.015,0.06,Y,,,,,,,0.0221,0.0244,Y,,,,,,,,,,,,,NaN
c5-nrm-all.dat,305,0.04425,0.000,12,15.4368,53.6333,6.1273,0.9648,N,(0.97 0.30 1.43)e-2 + (0.57 0.16 0.81)t,7,0.015,0.06,Y,,,,,,,0.0221,0.0243,Y,,,,,,,,,,,,,NaN
c5-nrm-all.dat,306,0.04423,0.000,12,13.4751,54.0728,7.5076,0.9557,N,(0.95 0.27 1.43)e-2 + (0.57 0.14 0.81)t,7,0.015,0.06,Y,,,,,,,0.0221,0.0241,Y,,,,,,,,,,,,,NaN
c5-nrm-all.dat,307,0.04417,0.000,12,11.5783,54.8362,12.1129,0.9548,N,(0.93 0.24 1.43)e-2 + (0.56 0.12 0.82)t,7,0.015,0.06,Y,,,,,,,0.0221,0.0240,Y,,,,,,,,,,,,,NaN
c5-nrm-all.dat,308,0.04411,0.000,12,10.3477,55.9085,17.6298,1.0226,N,(0.91 0.22 1.44)e-2 + (0.55 0.10 0.83)t,7,0.015,0.06,Y,,,,,,,0.0221,0.0239,Y,,,,,,,,,,,,,NaN
c5-nrm-all.dat,309,0.04415,0.000,12,10.3177,57.0347,23.4060,1.1054,N,(0.88 0.21 1.45)e-2 + (0.54 0.10 0.84)t,7,0.015,0.06,Y,,,,,,,0.0221,0.0238,Y,,,,,,,,,,,,,NaN
c5-nrm-all.dat,310,0.04429,0.000,12,11.3434,58.0655,29.8979,1.1514,N,(0.85 0.22 1.47)e-2 + (0.52 0.10 0.85)t,7,0.015,0.06,Y,,,,,,,0.0221,0.0238,Y,,,,,,,,,,,,,NaN
c5-nrm-all.dat,311,0.04452,0.000,12,12.8616,59.1515,36.5635,1.1971,N,(0.82 0.23 1.48)e-2 + (0.50 0.11 0.86)t,7,0.015,0.06,Y,,,,,,,0.0223,0.0237,Y,,,,,,,,,,,,,NaN
c5-nrm-all.dat,312,0.04483,0.000,12,14.1140,60.3585,34.8956,1.2880,N,(0.80 0.23 1.50)e-2 + (0.48 0.12 0.87)t,7,0.015,0.06,Y,,,,,,,0.0224,0.0236,Y,,,,,,,,,,,,,NaN
c5-nrm-all.dat,313,0.04503,0.000,12,14.6516,61.5930,30.8782,1.4117,N,(0.79 0.21 1.51)e-2 + (0.46 0.12 0.88)t,7,0.015,0.06,Y,,,,,,,0.0225,0.0235,Y,,,,,,,,,,,,,NaN
c5-nrm-all.dat,314,0.04487,0.000,12,14.7259,62.6052,27.7832,1.6624,N,(0.78 0.19 1.51)e-2 + (0.45 0.12 0.89)t,7,0.015,0.06,Y,,,,,,,0.0224,0.0235,Y,,,,,,,,,,,,,NaN
c5-nrm-all.dat,315,0.04438,0.000,12,14.7667,63.0327,29.2775,2.2256,N,(0.76 0.18 1.51)e-2 + (0.44 0.12 0.89)t,7,0.015,0.06,Y,,,,,,,0.0222,0.0235,Y,,,,,,,,,,,,,NaN
c5-nrm-all.dat,316,0.04385,0.000,12,15.2180,62.6335,26.0700,2.8922,N,(0.76 0.19 1.49)e-2 + (0.44 0.12 0.89)t,7,0.015,0.06,Y,,,,,,,0.0219,0.0235,Y,,,,,,,,,,,,,NaN
c5-nrm-all.dat,317,0.04342,0.000,12,15.8068,61.5551,17.9930,3.3345,N,(0.76 0.21 1.47)e-2 + (0.46 0.13 0.88)t,7,0.015,0.06,Y,,,,,,,0.0217,0.0235,Y,,,,,,,,,,,,,NaN
c5-nrm-all.dat,318,0.04302,0.000,12,16.0937,60.3219,7.6611,3.3727,N,(0.76 0.24 1.45)e-2 + (0.48 0.14 0.87)t,7,0.015,0.06,Y,,,,,,,0.0215,0.0236,Y,,,,,,,,,,,,,NaN
c5-nrm-all.dat,319,0.04263,0.000,12,16.0307,59.4820,10.2745,3.0233,N,(0.76 0.27 1.43)e-2 + (0.49 0.14 0.86)t,7,0.015,0.06,Y,,,,,,,0.0213,0.0237,Y,,,,,,,,,,,,,NaN
c5-nrm-all.dat,320,0.04219,0.000,12,15.8910,59.7289,22.7693,2.4242,N,(0.74 0.28 1.43)e-2 + (0.48 0.14 0.86)t,7,0.015,0.06,Y,,,,,,,0.0211,0.0238,Y,,,,,,,,,,,,,NaN
c5-nrm-all.dat,321,0.04182,0.000,12,16.0285,60.9642,33.1483,1.7811,N,(0.70 0.27 1.43)e-2 + (0.47 0.13 0.87)t,7,0.015,0.06,Y,,,,,,,0.0209,0.0239,Y,,,,,,,,,,,,,NaN
c5-nrm-all.dat,322,0.04161,0.000,12,16.8403,62.6358,34.6988,1.4561,N,(0.66 0.27 1.45)e-2 + (0.44 0.13 0.89)t,7,0.015,0.06,Y,,,,,,,0.0208,0.0241,Y,,,,,,,,,,,,,NaN
c5-nrm-all.dat,323,0.04169,0.000,12,17.9679,64.3514,29.1629,1.3610,N,(0.64 0.26 1.48)e-2 + (0.41 0.13 0.90)t,7,0.015,0.06,Y,,,,,,,0.0208,0.0243,Y,,,,,,,,,,,,,NaN
c5-nrm-all.dat,324,0.04208,0.000,12,19.0739,65.5305,28.4064,1.2255,N,(0.64 0.25 1.52)e-2 + (0.39 0.14 0.91)t,7,0.015,0.06,Y,,,,,,,0.0210,0.0245,Y,,,,,,,,,,,,,NaN
c5-nrm-all.dat,325,0.04254,0.000,12,19.7727,66.3765,31.0727,0.9289,N,(0.63 0.25 1.56)e-2 + (0.38 0.14 0.92)t,7,0.015,0.06,Y,,,,,,,0.0213,0.0248,Y,,,,,,,,,,,,,NaN
c5-nrm-all.dat,326,0.04284,0.000,12,19.9068,67.2897,32.5186,0.6070,N,(0.63 0.24 1.60)e-2 + (0.36 0.13 0.92)t,7,0.015,0.06,Y,,,,,,,0.0214,0.0250,Y,,,,,,,,,,,,,NaN
c5-nrm-all.dat,327,0.04291,0.000,12,19.3622,68.1114,32.1049,0.4544,N,(0.61 0.22 1.62)e-2 + (0.35 0.12 0.93)t,7,0.015,0.06,Y,,,,,,,0.0215,0.0252,Y,,,,,,,,,,,,,NaN
c5-nrm-all.dat,328,0.04269,0.000,12,18.5859,68.9136,31.9976,0.3580,N,(0.59 0.20 1.63)e-2 + (0.34 0.11 0.93)t,7,0.015,0.06,Y,,,,,,,0.0213,0.0254,Y,,,,,,,,,,,,,NaN
c5-nrm-all.dat,329,0.04229,0.000,12,18.0058,69.6505,22.9245,0.3712,N,(0.58 0.18 1.64)e-2 + (0.33 0.11 0.94)t,7,0.015,0.06,Y,,,,,,,0.0211,0.0256,Y,,,,,,,,,,,,,NaN
c5-nrm-all.dat,330,0.04186,0.000,12,17.4924,69.8331,18.0769,0.3940,N,(0.57 0.17 1.64)e-2 + (0.33 0.10 0.94)t,7,0.015,0.06,Y,,,,,,,0.0209,0.0259,Y,,,,,,,,,,,,,NaN
c5-nrm-all.dat,331,0.04152,0.000,12,16.4988,69.3535,21.5851,0.4047,N,(0.59 0.17 1.64)e-2 + (0.34 0.10 0.94)t,7,0.015,0.06,Y,,,,,,,0.0208,0.0262,Y,,,,,,,,,,,,,NaN
c5-nrm-all.dat,332,0.04146,0.000,12,14.2252,68.2998,26.5935,0.3607,N,(0.64 0.16 1.64)e-2 + (0.36 0.09 0.93)t,7,0.015,0.06,Y,,,,,,,0.0207,0.0266,Y,,,,,,,,,,,,,NaN
c5-nrm-all.dat,333,0.04171,0.000,12,11.0522,66.8916,28.2742,0.3125,N,(0.71 0.14 1.65)e-2 + (0.39 0.08 0.92)t,7,0.015,0.06,Y,,,,,,,0.0209,0.0270,Y,,,,,,,,,,,,,NaN
c5-nrm-all.dat,334,0.04201,0.000,12,7.7538,65.4691,31.8868,0.2821,N,(0.78 0.11 1.66)e-2 + (0.41 0.06 0.91)t,7,0.015,0.06,Y,,,,,,,0.0210,0.0273,Y,,,,,,,,,,,,,NaN
c5-nrm-all.dat,335,0.04209,0.000,12,5.0406,64.1368,22.1456,0.3546,N,(0.84 0.09 1.67)e-2 + (0.43 0.04 0.90)t,7,0.015,0.06,Y,,,,,,,0.0210,0.0277,Y,,,,,,,,,,,,,NaN
c5-nrm-all.dat,336,0.04178,0.000,12,3.1668,62.7901,18.5980,0.4148,N,(0.89 0.07 1.66)e-2 + (0.46 0.03 0.89)t,7,0.015,0.06,Y,,,,,,,0.0209,0.0281,Y,,,,,,,,,,,,,NaN
c5-nrm-all.dat,337,0.04108,0.000,12,2.3892,61.3685,18.2607,0.4887,N,(0.92 0.07 1.63)e-2 + (0.48 0.02 0.88)t,7,0.015,0.06,Y,,,,,,,0.0205,0.0285,Y,,,,,,,,,,,,,NaN
c5-nrm-all.dat,338,0.04012,0.000,12,2.8742,59.9188,20.1051,0.5479,N,(0.95 0.08 1.59)e-2 + (0.50 0.03 0.87)t,7,0.015,0.06,Y,,,,,,,0.0201,0.0289,Y,,,,,,,,,,,,,NaN
c5-nrm-all.dat,339,0.03909,0.000,12,4.5299,58.2295,22.5704,0.6367,N,(0.97 0.11 1.55)e-2 + (0.52 0.04 0.85)t,7,0.015,0.06,Y,,,,,,,0.0195,0.0293,Y,,,,,,,,,,,,,NaN
c5-nrm-all.dat,340,0.03836,0.000,12,6.7533,56.4476,27.3175,0.5843,N,(1.00 0.15 1.51)e-2 + (0.55 0.06 0.83)t,7,0.015,0.06,Y,,,,,,,0.0192,0.0297,Y,,,,,,,,,,,,,NaN
c5-nrm-all.dat,341,0.03810,0.000,12,8.8304,54.8097,32.9057,0.5864,N,(1.04 0.20 1.50)e-2 + (0.57 0.09 0.82)t,7,0.015,0.06,Y,,,,,,,0.0191,0.0302,Y,,,,,,,,,,,,,NaN
c5-nrm-all.dat,342,0.03821,0.000,12,10.1663,53.5096,36.6256,0.4845,N,(1.07 0.23 1.50)e-2 + (0.59 0.10 0.80)t,7,0.015,0.06,Y,,,,,,,0.0191,0.0307,Y,,,,,,,,,,,,,NaN
c5-nrm-all.dat,343,0.03836,0.000,12,10.5240,52.6827,38.2311,0.4086,N,(1.10 0.24 1.50)e-2 + (0.60 0.11 0.80)t,7,0.015,0.06,Y,,,,,,,0.0192,0.0310,Y,,,,,,,,,,,,,NaN
c5-nrm-all.dat,344,0.03831,0.000,12,10.0734,52.2743,32.3477,0.3321,N,(1.10 0.22 1.50)e-2 + (0.60 0.11 0.79)t,7,0.015,0.06,Y,,,,,,,0.0192,0.0311,Y,,,,,,,,,,,,,NaN
c5-nrm-all.dat,345,0.03782,0.000,12,9.2082,52.1772,23.6116,0.3940,N,(1.09 0.19 1.48)e-2 + (0.61 0.10 0.79)t,7,0.015,0.06,Y,,,,,,,0.0189,0.0309,Y,,,,,,,,,,,,,NaN
c5-nrm-all.dat,346,0.03663,0.000,12,8.1785,52.3523,26.0528,0.5225,N,(1.04 0.15 1.44)e-2 + (0.60 0.09 0.79)t,7,0.015,0.06,Y,,,,,,,0.0183,0.0307,Y,,,,,,,,,,,,,NaN
c5-nrm-all.dat,347,0.03435,0.000,12,7.1753,52.4488,18.6065,0.7181,N,(0.98 0.11 1.36)e-2 + (0.60 0.08 0.79)t,7,0.015,0.06,Y,,,,,,,0.0172,0.0308,Y,,,,,,,,,,,,,NaN
c5-nrm-all.dat,348,0.03113,0.000,12,6.3480,51.6158,12.8128,1.0364,N,(0.91 0.08 1.23)e-2 + (0.62 0.07 0.78)t,7,0.015,0.06,Y,,,,,,,0.0156,0.0310,Y,,,,,,,,,,,,,NaN
c5-nrm-all.dat,357,0.04397,0.000,12,10.0525,59.3405,17.2711,0.7392,N,(0.92 0.13 1.56)e-2 + (0.50 0.09 0.86)t,6,0.015,0.06,N,,,,,,,0.0220,0.0257,Y,,,,,,,,,,,,,NaN
c5-nrm-all.dat,358,0.04611,0.000,12,15.5761,58.0189,27.8952,0.6977,N,(0.99 0.24 1.63)e-2 + (0.51 0.14 0.85)t,6,0.015,0.06,N,,,,,,,0.0231,0.0259,Y,,,,,,,,,,,,,NaN
c5-nrm-all.dat,359,0.04660,0.000,12,19.2741,57.0682,37.3335,0.6556,N,(1.01 0.32 1.65)e-2 + (0.51 0.18 0.84)t,6,0.015,0.06,N,,,,,,,0.0233,0.0263,Y,,,,,,,,,,,,,NaN
c5-nrm-all.dat,360,0.04574,0.000,12,19.8816,56.8777,38.2715,0.5695,N,(1.01 0.33 1.64)e-2 + (0.51 0.19 0.84)t,6,0.015,0.06,N,,,,,,,0.0229,0.0268,Y,,,,,,,,,,,,,NaN
c5-nrm-all.dat,361,0.04390,0.000,12,16.5273,58.0331,38.4476,0.4474,N,(0.97 0.26 1.62)e-2 + (0.51 0.15 0.85)t,6,0.015,0.06,N,,,,,,,0.0220,0.0273,Y,,,,,,,,,,,,,NaN
c5-nrm-all.dat,362,0.04204,0.000,12,9.6495,60.3399,35.9886,0.3765,N,(0.91 0.14 1.60)e-2 + (0.49 0.08 0.87)t,6,0.015,0.06,N,,,,,,,0.0210,0.0271,Y,,,,,,,,,,,,,NaN
c5-nrm-all.dat,363,0.04120,0.000,12,1.6566,62.3947,28.8307,0.4307,N,(0.87 0.03 1.61)e-2 + (0.46 0.01 0.89)t,6,0.015,0.06,N,,,,,,,0.0206,0.0273,Y,,,,,,,,,,,,,NaN
c5-nrm-all.dat,364,0.04178,0.000,12,357.5053,63.1842,19.1476,0.4085,N,(0.87 -0.01 1.64)e-2 + (0.45 -0.02 0.89)t,6,0.015,0.06,N,,,,,,,0.0209,0.0273,Y,,,,,,,,,,,,,NaN
c5-nrm-all.dat,365,0.04336,0.000,12,359.7287,62.8486,22.8570,0.3106,N,(0.92 0.04 1.69)e-2 + (0.46 -0.00 0.89)t,6,0.015,0.06,N,,,,,,,0.0217,0.0272,Y,,,,,,,,,,,,,NaN
c5-nrm-all.dat,366,0.04582,0.000,12,6.2327,61.8970,25.6797,0.3351,N,(0.98 0.14 1.74)e-2 + (0.47 0.05 0.88)t,6,0.015,0.06,N,,,,,,,0.0229,0.0270,Y,,,,,,,,,,,,,NaN
c5-nrm-all.dat,367,0.04879,0.000,12,12.6428,61.3681,33.7422,0.4633,N,(1.02 0.25 1.81)e-2 + (0.47 0.10 0.88)t,6,0.015,0.06,N,,,,,,,0.0244,0.0266,Y,,,,,,,,,,,,,NaN
c5-nrm-all.dat,368,0.05189,0.000,12,16.3362,62.0277,22.9967,0.6361,N,(1.01 0.32 1.91)e-2 + (0.45 0.13 0.88)t,6,0.015,0.06,N,,,,,,,0.0259,0.0262,Y,,,,,,,,,,,,,NaN
c5-nrm-all.dat,369,0.05510,0.000,12,16.1955,63.5257,24.0135,0.8021,N,(0.99 0.31 2.02)e-2 + (0.43 0.12 0.90)t,6,0.015,0.06,N,,,,,,,0.0276,0.0256,Y,,,,,,,,,,,,,NaN
c5-nrm-all.dat,370,0.05850,0.000,12,12.4922,64.9345,25.1163,0.7492,N,(0.98 0.25 2.14)e-2 + (0.41 0.09 0.91)t,6,0.015,0.06,N,,,,,,,0.0292,0.0252,Y,,,,,,,,,,,,,NaN
c5-nrm-all.dat,371,0.06234,0.000,12,7.0684,65.6427,30.2927,0.7409,N,(1.00 0.15 2.27)e-2 + (0.41 0.05 0.91)t,6,0.015,0.06,N,,,,,,,0.0312,0.0247,Y,,,,,,,,,,,,,NaN
c5-nrm-all.dat,372,0.06610,0.000,12,2.7100,65.5161,40.8094,0.6232,N,(1.06 0.07 2.40)e-2 + (0.41 0.02 0.91)t,6,0.015,0.06,N,,,,,,,0.0330,0.0245,Y,,,,,,,,,,,,,NaN
c5-nrm-all.dat,373,0.06918,0.000,12,0.2817,65.2743,38.0177,0.5360,N,(1.12 0.01 2.50)e-2 + (0.42 0.00 0.91)t,6,0.015,0.06,N,,,,,,,0.0346,0.0244,Y,,,,,,,,,,,,,NaN
c5-nrm-all.dat,374,0.07104,0.000,12,358.5153,65.6792,30.7575,0.5727,N,(1.14 -0.03 2.56)e-2 + (0.41 -0.01 0.91)t,6,0.015,0.06,N,,,,,,,0.0355,0.0242,Y,,,,,,,,,,,,,NaN
c5-nrm-all.dat,375,0.07160,0.000,12,356.9551,66.9996,26.9048,0.6707,N,(1.10 -0.06 2.59)e-2 + (0.39 -0.02 0.92)t,6,0.015,0.06,N,,,,,,,0.0358,0.0240,Y,,,,,,,,,,,,,NaN
c5-nrm-all.dat,376,0.07155,0.000,12,356.2564,68.8601,25.4151,0.7821,N,(1.03 -0.06 2.60)e-2 + (0.36 -0.02 0.93)t,6,0.015,0.06,N,,,,,,,0.0358,0.0238,Y,,,,,,,,,,,,,NaN
c5-nrm-all.dat,377,0.07135,0.000,12,357.8364,70.2826,19.1118,0.7990,N,(0.98 -0.02 2.60)e-2 + (0.34 -0.01 0.94)t,6,0.015,0.06,N,,,,,,,0.0357,0.0237,Y,,,,,,,,,,,,,NaN
c5-nrm-all.dat,378,0.07102,0.000,12,1.5523,70.1625,13.3494,0.7897,N,(0.99 0.05 2.57)e-2 + (0.34 0.01 0.94)t,6,0.015,0.06,N,,,,,,,0.0355,0.0236,Y,,,,,,,,,,,,,NaN
c5-nrm-all.dat,379,0.07046,0.000,12,5.3533,68.1826,7.9301,0.7002,N,(1.07 0.12 2.52)e-2 + (0.37 0.03 0.93)t,6,0.015,0.06,N,,,,,,,0.0352,0.0237,Y,,,,,,,,,,,,,NaN
c5-nrm-all.dat,380,0.07010,0.000,12,7.7138,64.8910,13.7263,0.6536,N,(1.19 0.19 2.45)e-2 + (0.42 0.06 0.91)t,6,0.015,0.06,N,,,,,,,0.0350,0.0237,Y,,,,,,,,,,,,,NaN
c5-nrm-all.dat,381,0.07038,0.000,12,8.9307,61.4417,24.5442,0.6633,N,(1.33 0.24 2.39)e-2 + (0.47 0.07 0.88)t,6,0.015,0.06,N,,,,,,,0.0352,0.0238,Y,,,,,,,,,,,,,NaN
c5-nrm-all.dat,382,0.07152,0.000,12,9.9872,58.3989,28.5263,0.7867,N,(1.46 0.29 2.37)e-2 + (0.52 0.09 0.85)t,6,0.015,0.06,N,,,,,,,0.0358,0.0238,Y,,,,,,,,,,,,,NaN
c5-nrm-all.dat,383,0.07296,0.000,12,11.1632,56.0947,25.2204,0.8633,N,(1.57 0.33 2.36)e-2 + (0.55 0.11 0.83)t,6,0.015,0.06,N,,,,,,,0.0365,0.0239,Y,,,,,,,,,,,,,NaN
c5-nrm-all.dat,384,0.07326,0.000,12,11.9634,54.8434,17.6780,0.9464,N,(1.63 0.36 2.33)e-2 + (0.56 0.12 0.82)t,6,0.015,0.06,N,,,,,,,0.0366,0.0239,Y,,,,,,,,,,,,,NaN
c5-nrm-all.dat,385,0.07075,0.000,12,12.3361,55.0596,9.9920,1.0321,N,(1.57 0.35 2.26)e-2 + (0.56 0.12 0.82)t,6,0.015,0.06,N,,,,,,,0.0354,0.0239,Y,,,,,,,,,,,,,NaN
c5-nrm-all.dat,386,0.06546,0.000,12,12.7238,56.8499,5.7070,1.2051,N,(1.39 0.31 2.14)e-2 + (0.53 0.12 0.84)t,6,0.015,0.06,N,,,,,,,0.0327,0.0239,Y,,,,,,,,,,,,,NaN
c5-nrm-all.dat,387,0.05847,0.000,12,13.5474,60.3850,7.9009,1.4111,N,(1.12 0.26 1.99)e-2 + (0.48 0.12 0.87)t,6,0.015,0.06,N,,,,,,,0.0292,0.0239,Y,,,,,,,,,,,,,NaN
c5-nrm-all.dat,388,0.05223,0.000,12,14.8802,64.5879,12.6848,1.6629,N,(0.86 0.21 1.84)e-2 + (0.41 0.11 0.90)t,6,0.015,0.06,N,,,,,,,0.0261,0.0239,Y,,,,,,,,,,,,,NaN
c5-nrm-all.dat,389,0.04733,0.000,12,16.1287,67.6471,17.2764,1.7507,N,(0.69 0.17 1.72)e-2 + (0.37 0.11 0.92)t,6,0.015,0.06,N,,,,,,,0.0237,0.0240,Y,,,,,,,,,,,,,NaN
c5-nrm-all.dat,390,0.04395,0.000,12,15.8415,68.2735,19.2037,1.6275,N,(0.64 0.15 1.61)e-2 + (0.36 0.10 0.93)t,6,0.015,0.06,N,,,,,,,0.0220,0.0242,Y,,,,,,,,,,,,,NaN
c5-nrm-all.dat,391,0.04144,0.000,12,14.0501,66.7979,23.8106,1.2772,N,(0.66 0.14 1.52)e-2 + (0.38 0.10 0.92)t,6,0.015,0.06,N,,,,,,,0.0207,0.0244,Y,,,,,,,,,,,,,NaN
c5-nrm-all.dat,392,0.03947,0.000,12,12.2888,64.1715,24.4165,0.9932,N,(0.70 0.14 1.43)e-2 + (0.43 0.09 0.90)t,6,0.015,0.06,N,,,,,,,0.0197,0.0247,Y,,,,,,,,,,,,,NaN
c5-nrm-all.dat,393,0.03815,0.000,12,12.0686,61.3750,19.3871,0.9882,N,(0.75 0.16 1.36)e-2 + (0.47 0.10 0.88)t,6,0.015,0.06,N,,,,,,,0.0191,0.0250,Y,,,,,,,,,,,,,NaN
c5-nrm-all.dat,394,0.03742,0.000,12,14.0105,59.3686,18.4853,0.9464,N,(0.79 0.21 1.32)e-2 + (0.49 0.12 0.86)t,6,0.015,0.06,N,,,,,,,0.0187,0.0254,Y,,,,,,,,,,,,,NaN
c5-nrm-all.dat,395,0.03702,0.000,12,17.4915,58.4911,12.9023,0.9624,N,(0.79 0.26 1.31)e-2 + (0.50 0.16 0.85)t,6,0.015,0.06,N,,,,,,,0.0185,0.0257,Y,,,,,,,,,,,,,NaN
c5-nrm-all.dat,396,0.03696,0.000,12,21.4406,58.2225,21.0313,1.1809,N,(0.78 0.33 1.31)e-2 + (0.49 0.19 0.85)t,6,0.015,0.06,N,,,,,,,0.0185,0.0259,Y,,,,,,,,,,,,,NaN
c5-nrm-all.dat,397,0.03740,0.000,12,24.7066,58.2434,34.4137,1.4888,N,(0.77 0.38 1.33)e-2 + (0.48 0.22 0.85)t,6,0.015,0.06,N,,,,,,,0.0187,0.0261,Y,,,,,,,,,,,,,NaN
c5-nrm-all.dat,398,0.03832,0.000,12,26.1885,58.1660,39.5600,1.6298,N,(0.77 0.42 1.37)e-2 + (0.47 0.23 0.85)t,6,0.015,0.06,N,,,,,,,0.0192,0.0263,Y,,,,,,,,,,,,,NaN
c5-nrm-all.dat,399,0.03984,0.000,12,26.4800,57.1416,37.8673,1.6057,N,(0.82 0.45 1.43)e-2 + (0.49 0.24 0.84)t,6,0.015,0.06,N,,,,,,,0.0199,0.0265,Y,,,,,,,,,,,,,NaN
c5-nrm-all.dat,400,0.04181,0.000,12,26.8516,55.4223,35.6154,1.4267,N,(0.89 0.49 1.48)e-2 + (0.51 0.26 0.82)t,6,0.015,0.06,N,,,,,,,0.0209,0.0265,Y,,,,,,,,,,,,,NaN
c5-nrm-all.dat,401,0.04349,0.000,12,27.5321,54.0012,26.6298,1.1981,N,(0.94 0.53 1.52)e-2 + (0.52 0.27 0.81)t,6,0.015,0.06,N,,,,,,,0.0217,0.0265,Y,,,,,,,,,,,,,NaN
c5-nrm-all.dat,402,0.04448,0.000,12,28.2707,53.1612,26.7042,1.1627,N,(0.97 0.56 1.54)e-2 + (0.53 0.28 0.80)t,6,0.015,0.06,N,,,,,,,0.0222,0.0265,Y,,,,,,,,,,,,,NaN
c5-nrm-all.dat,403,0.04478,0.000,12,28.6222,53.1027,41.2110,1.3872,N,(0.96 0.57 1.56)e-2 + (0.53 0.29 0.80)t,6,0.015,0.06,N,,,,,,,0.0224,0.0265,Y,,,,,,,,,,,,,NaN
c5-nrm-all.dat,404,0.04465,0.000,12,28.3189,53.5507,34.9721,1.7399,N,(0.96 0.55 1.57)e-2 + (0.52 0.28 0.80)t,6,0.015,0.06,N,,,,,,,0.0223,0.0266,Y,,,,,,,,,,,,,NaN
c5-nrm-all.dat,405,0.04461,0.000,12,27.1167,53.9023,26.0830,1.9747,N,(0.98 0.53 1.58)e-2 + (0.52 0.27 0.81)t,6,0.015,0.06,N,,,,,,,0.0223,0.0267,Y,,,,,,,,,,,,,NaN
c5-nrm-all.dat,406,0.04484,0.000,12,25.0604,53.8664,19.4378,2.0998,N,(1.03 0.50 1.59)e-2 + (0.53 0.25 0.81)t,6,0.015,0.06,N,,,,,,,0.0224,0.0269,Y,,,,,,,,,,,,,NaN
c5-nrm-all.dat,407,0.04519,0.000,12,21.9286,53.3393,14.7765,1.9937,N,(1.09 0.46 1.59)e-2 + (0.55 0.22 0.80)t,6,0.015,0.06,N,,,,,,,0.0226,0.0270,Y,,,,,,,,,,,,,NaN
c5-nrm-all.dat,408,0.04548,0.000,12,18.0671,52.2461,9.7069,1.8829,N,(1.16 0.40 1.58)e-2 + (0.58 0.19 0.79)t,6,0.015,0.06,N,,,,,,,0.0227,0.0271,Y,,,,,,,,,,,,,NaN
c5-nrm-all.dat,409,0.04527,0.000,12,14.4608,51.1290,9.8453,1.6334,N,(1.21 0.34 1.56)e-2 + (0.61 0.16 0.78)t,6,0.015,0.06,N,,,,,,,0.0226,0.0273,Y,,,,,,,,,,,,,NaN
c5-nrm-all.dat,410,0.04386,0.000,12,11.4588,50.5399,18.3965,1.4583,N,(1.22 0.28 1.53)e-2 + (0.62 0.13 0.77)t,6,0.015,0.06,N,,,,,,,0.0219,0.0277,Y,,,,,,,,,,,,,NaN
c5-nrm-all.dat,411,0.04107,0.000,12,9.3654,51.0355,26.7097,1.4402,N,(1.17 0.23 1.48)e-2 + (0.62 0.10 0.78)t,6,0.015,0.06,N,,,,,,,0.0205,0.0284,Y,,,,,,,,,,,,,NaN
c5-nrm-all.dat,412,0.03777,0.000,12,8.0653,52.9155,34.5434,1.3777,N,(1.07 0.19 1.44)e-2 + (0.60 0.08 0.80)t,6,0.015,0.06,N,,,,,,,0.0189,0.0292,Y,,,,,,,,,,,,,NaN
c5-nrm-all.dat,413,0.03511,0.000,12,7.1766,55.4510,36.4602,1.2437,N,(0.99 0.16 1.42)e-2 + (0.56 0.07 0.82)t,6,0.015,0.06,N,,,,,,,0.0176,0.0302,Y,,,,,,,,,,,,,NaN
c5-nrm-all.dat,414,0.03407,0.000,12,6.5817,56.9475,33.9350,1.0216,N,(0.96 0.15 1.43)e-2 + (0.54 0.06 0.84)t,6,0.015,0.06,N,,,,,,,0.0170,0.0314,Y,,,,,,,,,,,,,NaN
c5-nrm-all.dat,415,0.03400,0.000,12,6.2652,56.6243,27.1297,0.8460,N,(0.98 0.14 1.43)e-2 + (0.55 0.06 0.84)t,6,0.015,0.06,N,,,,,,,0.0170,0.0321,Y,,,,,,,,,,,,,NaN
c5-nrm-all.dat,416,0.03390,0.000,12,6.3478,55.3290,17.2827,0.7668,N,(1.01 0.15 1.41)e-2 + (0.57 0.06 0.82)t,6,0.015,0.06,N,,,,,,,0.0170,0.0324,Y,,,,,,,,,,,,,NaN
c5-nrm-all.dat,417,0.03313,0.000,12,6.6505,54.5954,24.0727,0.7403,N,(1.00 0.15 1.37)e-2 + (0.58 0.07 0.82)t,6,0.015,0.06,N,,,,,,,0.0166,0.0326,Y,,,,,,,,,,,,,NaN
c5-nrm-all.dat,418,0.03161,0.000,12,6.8725,55.3933,31.8911,0.7327,N,(0.93 0.14 1.32)e-2 + (0.56 0.07 0.82)t,6,0.015,0.06,N,,,,,,,0.0158,0.0329,Y,,,,,,,,,,,,,NaN
c5-nrm-all.dat,419,0.03008,0.000,12,6.8649,57.2905,17.5473,0.7167,N,(0.84 0.13 1.29)e-2 + (0.54 0.06 0.84)t,6,0.015,0.06,N,,,,,,,0.0150,0.0331,Y,,,,,,,,,,,,,NaN
c5-nrm-all.dat,420,0.02896,0.000,12,6.7054,59.2130,3.4968,0.6910,N,(0.77 0.11 1.27)e-2 + (0.51 0.06 0.86)t,6,0.015,0.06,N,,,,,,,0.0145,0.0332,Y,,,,,,,,,,,,,NaN
c5-nrm-all.dat,421,0.02829,0.000,12,6.3062,60.6690,6.6052,0.7153,N,(0.72 0.10 1.26)e-2 + (0.49 0.05 0.87)t,6,0.015,0.06,N,,,,,,,0.0141,0.0332,Y,,,,,,,,,,,,,NaN
c5-nrm-all.dat,422,0.02794,0.000,12,5.8354,61.6122,6.8889,0.6201,N,(0.69 0.09 1.26)e-2 + (0.47 0.05 0.88)t,6,0.015,0.06,N,,,,,,,0.0140,0.0332,Y,,,,,,,,,,,,,NaN
c5-nrm-all.dat,423,0.02782,0.000,12,5.2660,62.2770,23.4163,0.5803,N,(0.68 0.09 1.26)e-2 + (0.46 0.04 0.89)t,6,0.015,0.06,N,,,,,,,0.0139,0.0333,Y,,,,,,,,,,,,,NaN
c5-nrm-all.dat,424,0.02786,0.000,12,4.1953,62.7480,42.0857,0.9611,N,(0.67 0.08 1.26)e-2 + (0.46 0.03 0.89)t,6,0.015,0.06,N,,,,,,,0.0139,0.0333,Y,,,,,,,,,,,,,NaN
c5-nrm-all.dat,425,0.02795,0.000,12,2.8525,62.8746,38.4524,1.4564,N,(0.68 0.06 1.26)e-2 + (0.46 0.02 0.89)t,6,0.015,0.06,N,,,,,,,0.0140,0.0331,Y,,,,,,,,,,,,,NaN
c5-nrm-all.dat,426,0.02807,0.000,12,2.1589,62.5183,32.6049,1.7408,N,(0.68 0.05 1.26)e-2 + (0.46 0.02 0.89)t,6,0.015,0.06,N,,,,,,,0.0140,0.0327,Y,,,,,,,,,,,,,NaN
c5-nrm-all.dat,427,0.02818,0.000,12,2.7965,62.0495,23.7467,1.7929,N,(0.68 0.05 1.25)e-2 + (0.47 0.02 0.88)t,6,0.015,0.06,N,,,,,,,0.0141,0.0323,Y,,,,,,,,,,,,,NaN
c5-nrm-all.dat,428,0.02819,0.000,12,4.5603,61.9201,14.4199,1.6579,N,(0.66 0.06 1.24)e-2 + (0.47 0.04 0.88)t,6,0.015,0.06,N,,,,,,,0.0141,0.0318,Y,,,,,,,,,,,,,NaN
c5-nrm-all.dat,429,0.02815,0.000,12,6.8115,62.0796,26.2589,1.6656,N,(0.63 0.08 1.24)e-2 + (0.46 0.06 0.88)t,6,0.015,0.06,N,,,,,,,0.0141,0.0315,Y,,,,,,,,,,,,,NaN
c5-nrm-all.dat,430,0.02821,0.000,12,8.5597,62.5167,35.5372,2.0714,N,(0.61 0.10 1.25)e-2 + (0.46 0.07 0.89)t,6,0.015,0.06,N,,,,,,,0.0141,0.0316,Y,,,,,,,,,,,,,NaN
c5-nrm-all.dat,431,0.02839,0.000,12,8.7090,63.2718,27.5384,2.4687,N,(0.59 0.10 1.27)e-2 + (0.44 0.07 0.89)t,6,0.015,0.06,N,,,,,,,0.0142,0.0318,Y,,,,,,,,,,,,,NaN
c5-nrm-all.dat,432,0.02855,0.000,12,7.0238,64.2003,20.6005,2.6761,N,(0.58 0.09 1.29)e-2 + (0.43 0.05 0.90)t,6,0.015,0.06,N,,,,,,,0.0143,0.0320,Y,,,,,,,,,,,,,NaN
c5-nrm-all.dat,433,0.02864,0.000,12,3.8765,64.8874,17.6299,2.4604,N,(0.57 0.06 1.30)e-2 + (0.42 0.03 0.91)t,6,0.015,0.06,N,,,,,,,0.0143,0.0320,Y,,,,,,,,,,,,,NaN
c5-nrm-all.dat,434,0.02877,0.000,12,359.4271,64.9492,26.3411,1.9396,N,(0.58 0.03 1.31)e-2 + (0.42 -0.00 0.91)t,6,0.015,0.06,N,,,,,,,0.0144,0.0316,Y,,,,,,,,,,,,,NaN
c5-nrm-all.dat,435,0.02901,0.000,12,354.5221,64.2914,35.6231,1.6708,N,(0.60 -0.02 1.30)e-2 + (0.43 -0.04 0.90)t,6,0.015,0.06,N,,,,,,,0.0145,0.0307,Y,,,,,,,,,,,,,NaN
c5-nrm-all.dat,436,0.02939,0.000,12,349.8265,62.8766,37.6324,2.1845,N,(0.64 -0.07 1.28)e-2 + (0.45 -0.08 0.89)t,6,0.015,0.06,N,,,,,,,0.0147,0.0298,Y,,,,,,,,,,,,,NaN
c5-nrm-all.dat,437,0.02982,0.000,12,346.4762,61.0377,39.3531,3.1453,N,(0.68 -0.12 1.26)e-2 + (0.47 -0.11 0.87)t,6,0.015,0.06,N,,,,,,,0.0149,0.0294,Y,,,,,,,,,,,,,NaN
c5-nrm-all.dat,438,0.03013,0.000,12,344.2736,59.3825,29.1558,3.9066,N,(0.71 -0.17 1.23)e-2 + (0.49 -0.14 0.86)t,6,0.015,0.06,N,,,,,,,0.0151,0.0292,Y,,,,,,,,,,,,,NaN
c5-nrm-all.dat,439,0.03011,0.000,12,343.0915,58.2162,20.6286,4.5494,N,(0.71 -0.19 1.21)e-2 + (0.50 -0.15 0.85)t,6,0.015,0.06,N,,,,,,,0.0151,0.0291,Y,,,,,,,,,,,,,NaN
c5-nrm-all.dat,440,0.02944,0.000,12,343.0334,57.7749,14.1977,4.9795,N,(0.70 -0.19 1.18)e-2 + (0.51 -0.16 0.85)t,6,0.015,0.06,N,,,,,,,0.0147,0.0293,Y,,,,,,,,,,,,,NaN
