Depth,0.0150000,0.0200000,0.0250000,0.0300000,0.0400000,0.0500000,0.0600000,0.0800000,0.100000,mean ratio,slope,r,r-squared,normalizer
20,0.00160214,0.00166888,,0.00181535,0.00184716,0.00187475,0.00170496,0.00144858,0.00157518,0.00169213,0.00162030,0.997432,0.994871,4.94414
21,0.00162945,0.00170270,,0.00186663,0.00189576,0.00195925,0.00177281,0.00149292,0.00154793,0.00173343,0.00164727,0.996958,0.993925,5.15608
22,0.00174896,0.00182692,,0.00200947,0.00202072,0.00213437,0.00193332,0.00161862,0.00154613,0.00185481,0.00176803,0.996815,0.993639,5.28818
23,0.00196809,0.00204689,,0.00225333,0.00225294,0.00241834,0.00217925,0.00183480,0.00162203,0.00207196,0.00198777,0.996867,0.993744,5.38346
24,0.00224890,0.00233529,,0.00257796,0.00256079,0.00276065,0.00248512,0.00206113,0.00177030,0.00235002,0.00227377,0.996772,0.993555,5.45955
25,0.00254182,0.00263881,,0.00291006,0.00288963,0.00310571,0.00279430,0.00224747,0.00195104,0.00263485,0.00257451,0.996718,0.993448,5.51902
26,0.00278172,0.00289385,,0.00317987,0.00318094,0.00336354,0.00301903,0.00236869,0.00214521,0.00286661,0.00282478,0.996675,0.993361,5.56049
27,0.00288253,0.00300465,,0.00332115,0.00333016,0.00348812,0.00311894,0.00242321,0.00231674,0.00298569,0.00292878,0.996375,0.992762,5.58800
28,0.00284294,0.00296927,,0.00330895,0.00332753,0.00347824,0.00308292,0.00239059,0.00239277,0.00297415,0.00288670,0.995933,0.991883,5.58483
29,0.00271630,0.00283828,,0.00319380,0.00323027,0.00339675,0.00297907,0.00229992,0.00237558,0.00287875,0.00275144,0.995367,0.990756,5.53533
30,0.00259307,0.00270635,,0.00307707,0.00311614,0.00330888,0.00286737,0.00220978,0.00231059,0.00277366,0.00262048,0.994830,0.989687,5.43119
31,0.00250678,0.00261459,,0.00298938,0.00302749,0.00322002,0.00279249,0.00214267,0.00225963,0.00269413,0.00253026,0.994576,0.989181,5.28003
32,0.00246458,0.00256834,,0.00292177,0.00297434,0.00314557,0.00274614,0.00212924,0.00225471,0.00265059,0.00248547,0.994912,0.989850,5.11683
33,0.00245791,0.00255613,,0.00289987,0.00295055,0.00307683,0.00274116,0.00216477,0.00232175,0.00264612,0.00247593,0.995415,0.990851,4.94339
34,0.00247651,0.00257024,,0.00290116,0.00293920,0.00304294,0.00277289,0.00224291,0.00247040,0.00267703,0.00248963,0.996097,0.992209,4.75781
35,0.00248429,0.00256529,,0.00288666,0.00289416,0.00299438,0.00277318,0.00229415,0.00262015,0.00268903,0.00249096,0.996792,0.993595,4.65671
36,0.00243174,0.00250008,,0.00280172,0.00277058,0.00287949,0.00268749,0.00221335,0.00260158,0.00261075,0.00243806,0.997284,0.994576,4.76530
37,0.00236503,0.00242517,,0.00270240,0.00265587,0.00277013,0.00257532,0.00202173,0.00240441,0.00249001,0.00237870,0.997424,0.994855,5.03530
38,0.00235026,0.00241095,,0.00267764,0.00263843,0.00275162,0.00253634,0.00184306,0.00215053,0.00241985,0.00237563,0.997158,0.994324,5.28654
39,0.00238875,0.00244999,,0.00272277,0.00269818,0.00280202,0.00256876,0.00177694,0.00192980,0.00241715,0.00242330,0.996779,0.993568,5.42027
40,0.00244373,0.00250444,,0.00279685,0.00277911,0.00288764,0.00263457,0.00182261,0.00180302,0.00245899,0.00248128,0.996416,0.992846,5.43995
41,0.00251357,0.00257493,,0.00288605,0.00287140,0.00299863,0.00271283,0.00194295,0.00180362,0.00253800,0.00254981,0.996240,0.992494,5.35426
42,0.00260904,0.00267619,,0.00300293,0.00298892,0.00313636,0.00280745,0.00207348,0.00189573,0.00264876,0.00264515,0.996157,0.992328,5.18520
43,0.00271913,0.00279687,,0.00313393,0.00312984,0.00328951,0.00292217,0.00217464,0.00200882,0.00277186,0.00275754,0.996046,0.992109,4.98829
44,0.00280097,0.00288813,,0.00323942,0.00326221,0.00341341,0.00302982,0.00222732,0.00210123,0.00287031,0.00284030,0.995740,0.991498,4.82967
45,0.00283618,0.00293492,,0.00329276,0.00335757,0.00347994,0.00311667,0.00226600,0.00219415,0.00293478,0.00287383,0.995402,0.990824,4.72438
46,0.00283707,0.00293891,,0.00330497,0.00341521,0.00349850,0.00318897,0.00235229,0.00231833,0.00298178,0.00286497,0.995191,0.990405,4.64161
47,0.00282549,0.00292654,,0.00329445,0.00343858,0.00349178,0.00325408,0.00248961,0.00247940,0.00302499,0.00283917,0.995274,0.990571,4.53812
48,0.00282998,0.00292386,,0.00328030,0.00345429,0.00348144,0.00331250,0.00263138,0.00267264,0.00307330,0.00282852,0.995721,0.991461,4.34330
57,0.00382795,0.00333054,,0.00361503,0.00354458,0.00331435,0.00311455,0.00225605,0.00167732,0.00308505,0.00376526,0.995241,0.990504,4.16768
58,0.00390767,0.00341759,,0.00375116,0.00371816,0.00351100,0.00330792,0.00236525,0.00174220,0.00321512,0.00383244,0.995247,0.990516,4.16888
59,0.00407751,0.00358119,,0.00396365,0.00397733,0.00379880,0.00358680,0.00253702,0.00183377,0.00341951,0.00398603,0.995146,0.990316,4.11892
60,0.00434385,0.00382340,,0.00425890,0.00433016,0.00416100,0.00395289,0.00276708,0.00193691,0.00369677,0.00423188,0.994916,0.989857,3.97694
61,0.00465274,0.00408674,,0.00458837,0.00468987,0.00451971,0.00431143,0.00299134,0.00205311,0.00398667,0.00451658,0.994540,0.989110,3.78013
62,0.00494120,0.00433047,,0.00489014,0.00500785,0.00482205,0.00461643,0.00317924,0.00217401,0.00424517,0.00478397,0.994271,0.988574,3.58110
63,0.00520604,0.00454984,,0.00516098,0.00529073,0.00507040,0.00487753,0.00336182,0.00233294,0.00448129,0.00502770,0.994059,0.988154,3.41628
64,0.00545961,0.00476654,,0.00540699,0.00555695,0.00531018,0.00513236,0.00353415,0.00256545,0.00471653,0.00526212,0.994048,0.988131,3.31220
65,0.00571485,0.00498234,,0.00563886,0.00582871,0.00556510,0.00540199,0.00370491,0.00281687,0.00495670,0.00549555,0.994026,0.988087,3.27858
66,0.00596896,0.00519649,,0.00587600,0.00607101,0.00581739,0.00566531,0.00385577,0.00303248,0.00518542,0.00573211,0.994028,0.988092,3.28721
67,0.00616905,0.00538188,,0.00607298,0.00627888,0.00605018,0.00591601,0.00398970,0.00321255,0.00538390,0.00592368,0.994184,0.988401,3.30029
68,0.00628929,0.00549794,,0.00622215,0.00642838,0.00621284,0.00610775,0.00408651,0.00334489,0.00552372,0.00603914,0.994207,0.988447,3.29998
69,0.00632829,0.00555307,,0.00630967,0.00650487,0.00630049,0.00620065,0.00412269,0.00339986,0.00558995,0.00608487,0.994264,0.988562,3.28117
70,0.00632552,0.00557730,,0.00635495,0.00654476,0.00633578,0.00622296,0.00409644,0.00335872,0.00560205,0.00609844,0.994333,0.988698,3.25182
71,0.00632494,0.00560475,,0.00639651,0.00658516,0.00635706,0.00621703,0.00403413,0.00325948,0.00559738,0.00611965,0.994403,0.988837,3.23224
72,0.00633260,0.00563037,,0.00643028,0.00661962,0.00637187,0.00619596,0.00395660,0.00311647,0.00558172,0.00614686,0.994423,0.988877,3.22602
73,0.00633019,0.00564002,,0.00644757,0.00663967,0.00637800,0.00615971,0.00387635,0.00294276,0.00555178,0.00616080,0.994382,0.988795,3.22062
74,0.00636110,0.00566868,,0.00649154,0.00668875,0.00642883,0.00618361,0.00385248,0.00285006,0.00556563,0.00619601,0.994262,0.988556,3.19583
75,0.00646005,0.00575637,,0.00660962,0.00680258,0.00657790,0.00631459,0.00398223,0.00294824,0.00568145,0.00628539,0.994191,0.988416,3.16916
76,0.00663220,0.00591810,,0.00681612,0.00700043,0.00680662,0.00654279,0.00426445,0.00322589,0.00590083,0.00644294,0.994249,0.988531,3.14839
77,0.00681810,0.00609168,,0.00702855,0.00719312,0.00701484,0.00675428,0.00456789,0.00349534,0.00612047,0.00661641,0.994380,0.988793,3.10731
78,0.00686740,0.00613946,,0.00709258,0.00724107,0.00704115,0.00679257,0.00467790,0.00359198,0.00618051,0.00666463,0.994445,0.988921,3.06007
79,0.00676996,0.00606148,,0.00699685,0.00714081,0.00690142,0.00667950,0.00460356,0.00353823,0.00608648,0.00657888,0.994535,0.989100,3.01494
80,0.00668879,0.00599056,,0.00690640,0.00706440,0.00676912,0.00660475,0.00451140,0.00347979,0.00600190,0.00650501,0.994542,0.989114,2.94256
81,0.00674541,0.00602777,,0.00694181,0.00712539,0.00679849,0.00669275,0.00454028,0.00352787,0.00604997,0.00655108,0.994435,0.988901,2.81411
82,0.00685945,0.00610889,,0.00704011,0.00726718,0.00693405,0.00688971,0.00467872,0.00372494,0.00618788,0.00663654,0.994220,0.988473,2.68446
83,0.00685014,0.00608705,,0.00703216,0.00729337,0.00696883,0.00700141,0.00478277,0.00396157,0.00624716,0.00659955,0.994043,0.988122,2.63999
84,0.00664751,0.00592076,,0.00684476,0.00711303,0.00679616,0.00691023,0.00475062,0.00406237,0.00613068,0.00639537,0.994167,0.988367,2.69132
85,0.00636025,0.00569463,,0.00656833,0.00682015,0.00650535,0.00667464,0.00458480,0.00396146,0.00589620,0.00613053,0.994510,0.989050,2.78007
86,0.00611151,0.00549128,,0.00631369,0.00653369,0.00619954,0.00639123,0.00437025,0.00370567,0.00563961,0.00590963,0.994825,0.989676,2.87078
87,0.00595866,0.00537288,,0.00614115,0.00634041,0.00599063,0.00617167,0.00419425,0.00342312,0.00544910,0.00578495,0.995178,0.990378,2.95280
88,0.00591665,0.00535064,,0.00607853,0.00626506,0.00589016,0.00605438,0.00407990,0.00324118,0.00535956,0.00576533,0.995497,0.991014,3.00444
89,0.00590235,0.00534953,,0.00605741,0.00624086,0.00582693,0.00599173,0.00400583,0.00318905,0.00532046,0.00576505,0.995697,0.991413,3.05496
90,0.00583950,0.00530936,,0.00600742,0.00617787,0.00573445,0.00592133,0.00395333,0.00320906,0.00526904,0.00571413,0.995882,0.991780,3.15400
91,0.00575431,0.00526340,,0.00596223,0.00611647,0.00566226,0.00586748,0.00395272,0.00330030,0.00523490,0.00564216,0.996091,0.992198,3.29530
92,0.00570845,0.00525093,,0.00595986,0.00610572,0.00565483,0.00587522,0.00404965,0.00349625,0.00526261,0.00560088,0.996265,0.992545,3.44557
93,0.00568768,0.00527022,,0.00598257,0.00613478,0.00571130,0.00593168,0.00420839,0.00374628,0.00533411,0.00558217,0.996496,0.993004,3.58950
94,0.00571038,0.00531788,,0.00602729,0.00619681,0.00580508,0.00603321,0.00434015,0.00394328,0.00542176,0.00560347,0.996668,0.993347,3.70585
95,0.00577684,0.00539359,,0.00611137,0.00629202,0.00592880,0.00612894,0.00442842,0.00403710,0.00551213,0.00566955,0.996730,0.993471,3.77437
96,0.00583230,0.00546182,,0.00618029,0.00637107,0.00604178,0.00620143,0.00448650,0.00401837,0.00557419,0.00572914,0.996803,0.993615,3.81570
97,0.00584957,0.00549688,,0.00621664,0.00641568,0.00611486,0.00623520,0.00450146,0.00391329,0.00559295,0.00575429,0.996826,0.993662,3.85164
98,0.00584696,0.00550929,,0.00623538,0.00643699,0.00616729,0.00624538,0.00448313,0.00377301,0.00558718,0.00575926,0.996788,0.993587,3.88660
99,0.00583016,0.00550535,,0.00623341,0.00643503,0.00618106,0.00621845,0.00441966,0.00360529,0.00555355,0.00575195,0.996756,0.993523,3.94661
100,0.00581563,0.00550107,,0.00622751,0.00641840,0.00615612,0.00615820,0.00431255,0.00344862,0.00550476,0.00574996,0.996778,0.993567,4.05247
101,0.00582612,0.00553172,,0.00625429,0.00642878,0.00614669,0.00610297,0.00422191,0.00337906,0.00548644,0.00577766,0.996889,0.993789,4.19065
102,0.00588576,0.00560794,,0.00633233,0.00651235,0.00621449,0.00611388,0.00421656,0.00343231,0.00553945,0.00584777,0.996975,0.993960,4.33298
103,0.00600642,0.00573880,,0.00648114,0.00666299,0.00636402,0.00622522,0.00429410,0.00352893,0.00566270,0.00597390,0.997011,0.994031,4.45854
104,0.00613963,0.00589622,,0.00665672,0.00685518,0.00657324,0.00641912,0.00441502,0.00353558,0.00581134,0.00611518,0.996982,0.993974,4.55238
105,0.00620840,0.00597439,,0.00676646,0.00697852,0.00671001,0.00659115,0.00455493,0.00346853,0.00590655,0.00618215,0.996832,0.993674,4.62034
106,0.00611518,0.00590458,,0.00670448,0.00693294,0.00669096,0.00667484,0.00472019,0.00353825,0.00591018,0.00607872,0.996760,0.993531,4.68966
107,0.00589534,0.00571103,,0.00651069,0.00674502,0.00654103,0.00667361,0.00490978,0.00390248,0.00586112,0.00583643,0.996772,0.993554,4.75935
108,0.00565068,0.00550649,,0.00629623,0.00654523,0.00636737,0.00664330,0.00512025,0.00437862,0.00581352,0.00557136,0.996829,0.993669,4.79589
109,0.00548143,0.00535297,,0.00615533,0.00641202,0.00624524,0.00661647,0.00526418,0.00470891,0.00577957,0.00538335,0.996752,0.993514,4.80852
110,0.00536594,0.00525896,,0.00607173,0.00632092,0.00614283,0.00653813,0.00520835,0.00466600,0.00569661,0.00527274,0.996565,0.993141,4.86309
111,0.00524971,0.00516422,,0.00597215,0.00619390,0.00596790,0.00633362,0.00489115,0.00419410,0.00549584,0.00518506,0.996308,0.992629,5.00082
112,0.00510986,0.00504163,,0.00582634,0.00601702,0.00572605,0.00603214,0.00443900,0.00352725,0.00521491,0.00508238,0.996076,0.992167,5.21070
113,0.00496047,0.00490672,,0.00565666,0.00582259,0.00547542,0.00573369,0.00405104,0.00311568,0.00496528,0.00496034,0.996033,0.992083,5.46942
114,0.00484049,0.00479685,,0.00551353,0.00567212,0.00530094,0.00553031,0.00386191,0.00318368,0.00483748,0.00484719,0.996208,0.992431,5.75990
115,0.00478147,0.00474919,,0.00544214,0.00561881,0.00524576,0.00547612,0.00382679,0.00338073,0.00481513,0.00478559,0.996358,0.992730,6.04420
116,0.00477142,0.00475240,,0.00543690,0.00562379,0.00527148,0.00551710,0.00381588,0.00331345,0.00481280,0.00477799,0.996333,0.992679,6.31806
117,0.00474533,0.00474837,,0.00541280,0.00560872,0.00529703,0.00557753,0.00380342,0.00301219,0.00477567,0.00475972,0.996248,0.992509,6.57157
118,0.00466213,0.00467925,,0.00532461,0.00552816,0.00527104,0.00558955,0.00384453,0.00284170,0.00471762,0.00467402,0.996201,0.992417,6.79951
119,0.00451316,0.00454320,,0.00516426,0.00537184,0.00516863,0.00554027,0.00395166,0.00305555,0.00466357,0.00451082,0.996343,0.992700,7.03022
120,0.00432816,0.00437028,,0.00496257,0.00516890,0.00500713,0.00542892,0.00408447,0.00346402,0.00460181,0.00430770,0.996625,0.993260,7.26903
121,0.00415811,0.00420982,,0.00477180,0.00497457,0.00482910,0.00527913,0.00416936,0.00375158,0.00451793,0.00412607,0.996895,0.993800,7.46704
122,0.00403814,0.00409723,,0.00463380,0.00482618,0.00467013,0.00513241,0.00417184,0.00381959,0.00442367,0.00400509,0.997073,0.994155,7.58301
123,0.00396675,0.00403059,,0.00454796,0.00472235,0.00455343,0.00499684,0.00409135,0.00364969,0.00431987,0.00394199,0.997135,0.994279,7.63089
124,0.00393459,0.00400167,,0.00451431,0.00468272,0.00451441,0.00491783,0.00398542,0.00344501,0.00424950,0.00391827,0.997031,0.994071,7.64377
125,0.00395528,0.00402637,,0.00455693,0.00472226,0.00456107,0.00494004,0.00394985,0.00323782,0.00424370,0.00394565,0.996754,0.993519,7.62743
126,0.00403494,0.00410866,,0.00467374,0.00484991,0.00469662,0.00505340,0.00395636,0.00312532,0.00431237,0.00402893,0.996373,0.992759,7.57955
127,0.00414247,0.00422810,,0.00482180,0.00500564,0.00486129,0.00520309,0.00399505,0.00309014,0.00441845,0.00414257,0.996068,0.992151,7.51815
128,0.00426617,0.00435899,,0.00498198,0.00517081,0.00502560,0.00536305,0.00404842,0.00311274,0.00454097,0.00427065,0.995858,0.991734,7.44117
129,0.00445888,0.00456225,,0.00521482,0.00539913,0.00525808,0.00559376,0.00418254,0.00319984,0.00473366,0.00446907,0.995795,0.991607,7.26850
130,0.00475365,0.00487346,,0.00555845,0.00575026,0.00561169,0.00596429,0.00447516,0.00338392,0.00504636,0.00476850,0.995822,0.991661,6.95631
131,0.00506513,0.00519144,,0.00592544,0.00614531,0.00600241,0.00640033,0.00486910,0.00367666,0.00540948,0.00507408,0.995804,0.991626,6.63400
132,0.00523946,0.00537860,,0.00614527,0.00638375,0.00623685,0.00670376,0.00517699,0.00396475,0.00565368,0.00524180,0.995754,0.991527,6.47154
133,0.00527854,0.00543215,,0.00621674,0.00647554,0.00632917,0.00686430,0.00530085,0.00418619,0.00576043,0.00527458,0.995599,0.991218,6.43123
134,0.00533429,0.00550708,,0.00631327,0.00658678,0.00643967,0.00703343,0.00540525,0.00435381,0.00587170,0.00532805,0.995391,0.990803,6.31064
135,0.00547017,0.00565884,,0.00649539,0.00678840,0.00661916,0.00726544,0.00551267,0.00446945,0.00603494,0.00546559,0.995181,0.990385,6.08963
136,0.00557980,0.00578008,,0.00665206,0.00693918,0.00673697,0.00739885,0.00552054,0.00441465,0.00612777,0.00558403,0.994927,0.989880,5.92926
137,0.00554847,0.00576373,,0.00664702,0.00691828,0.00666446,0.00731183,0.00536521,0.00418215,0.00605014,0.00556881,0.994616,0.989261,5.91506
138,0.00541667,0.00564428,,0.00652999,0.00677168,0.00644600,0.00706690,0.00511759,0.00387019,0.00585791,0.00545566,0.994247,0.988527,5.94713
139,0.00526744,0.00551563,,0.00639391,0.00661640,0.00622893,0.00681932,0.00487826,0.00359107,0.00566387,0.00532529,0.993806,0.987651,5.89314
140,0.00514364,0.00540323,,0.00629751,0.00652322,0.00607186,0.00663645,0.00467171,0.00335632,0.00551299,0.00521345,0.993146,0.986339,5.74904
141,0.00504816,0.00532944,,0.00623855,0.00647203,0.00599245,0.00651650,0.00452723,0.00309247,0.00540210,0.00513110,0.992365,0.984789,5.59912
142,0.00500967,0.00530946,,0.00624532,0.00649672,0.00600270,0.00650299,0.00445414,0.00293852,0.00536994,0.00509997,0.991572,0.983214,5.47037
143,0.00509155,0.00540346,,0.00638033,0.00665538,0.00616545,0.00666109,0.00451948,0.00295564,0.00547905,0.00518215,0.991057,0.982193,5.31393
144,0.00527476,0.00560022,,0.00662097,0.00692747,0.00644525,0.00694857,0.00471273,0.00309491,0.00570311,0.00536328,0.990830,0.981744,5.16260
145,0.00540571,0.00572914,,0.00677489,0.00710014,0.00661313,0.00713047,0.00486629,0.00316907,0.00584860,0.00549003,0.990886,0.981856,5.15641
146,0.00533525,0.00564855,,0.00666060,0.00699163,0.00649372,0.00703133,0.00483269,0.00314173,0.00576694,0.00541546,0.991145,0.982368,5.33269
147,0.00509353,0.00540267,,0.00634290,0.00665739,0.00613479,0.00672165,0.00467670,0.00308888,0.00551481,0.00517170,0.991446,0.982966,5.46776
148,0.00478206,0.00507033,,0.00593703,0.00622337,0.00561953,0.00635146,0.00448718,0.00311118,0.00519777,0.00485150,0.991876,0.983817,5.32165
157,0.0259201,0.0341566,,0.0274244,0.0204301,0.0190289,0.0190857,0.0149947,0.0104591,0.0214374,0.0299573,0.968570,0.938128,1.69362
158,0.0304102,0.0304596,,0.0373245,0.0324236,0.0130774,0.0131106,0.0101909,0.00707092,0.0217585,0.0340983,0.910399,0.828826,1.30015
159,0.0183590,0.0166763,,0.0231523,0.0307126,0.00973249,0.00969488,0.00734977,0.00509531,0.0150966,0.0184565,0.925957,0.857397,1.31299
160,0.0119869,0.0110990,,0.0148441,0.0195968,0.00782822,0.00776174,0.00572653,0.00397021,0.0103517,0.0121447,0.956437,0.914772,1.61427
161,0.00921969,0.00874414,,0.0113855,0.0145794,0.00679901,0.00669645,0.00482595,0.00333733,0.00819844,0.00940330,0.968535,0.938060,2.01398
162,0.00792946,0.00761582,,0.00974845,0.0122920,0.00620877,0.00608808,0.00433307,0.00296960,0.00714815,0.00811054,0.973555,0.947809,2.44195
163,0.00728893,0.00704264,,0.00892241,0.0111948,0.00584055,0.00571477,0.00406545,0.00271868,0.00659853,0.00746901,0.975538,0.951674,2.62291
164,0.00703766,0.00679009,,0.00855729,0.0107880,0.00563796,0.00551536,0.00394270,0.00256492,0.00635425,0.00721105,0.975899,0.952379,2.57818
165,0.00711730,0.00683611,,0.00859155,0.0109794,0.00559885,0.00547896,0.00392927,0.00248636,0.00637722,0.00729095,0.974964,0.950555,2.34133
166,0.00748353,0.00712627,,0.00897898,0.0117080,0.00570475,0.00558228,0.00399679,0.00249737,0.00663475,0.00765451,0.972658,0.946064,2.01679
167,0.00801589,0.00753762,,0.00955208,0.0127533,0.00589934,0.00578390,0.00412651,0.00255785,0.00702831,0.00816785,0.969562,0.940050,1.68238
168,0.00876392,0.00813338,,0.0103367,0.0142665,0.00617505,0.00608053,0.00431993,0.00263902,0.00758937,0.00889151,0.965440,0.932074,1.34968
169,0.0100595,0.00912906,,0.0117129,0.0168314,0.00658954,0.00653823,0.00464952,0.00279365,0.00853797,0.0101195,0.957895,0.917562,0.972351
170,0.0120849,0.0106343,,0.0137087,0.0211111,0.00714289,0.00713257,0.00511631,0.00306839,0.00999990,0.0119680,0.945062,0.893142,0.613612
171,0.0145444,0.0123297,,0.0160091,0.0265573,0.00775440,0.00776883,0.00563722,0.00345417,0.0117569,0.0140454,0.928838,0.862740,0.388654
172,0.0172006,0.0140965,,0.0182486,0.0323701,0.00841297,0.00842535,0.00616226,0.00396546,0.0136102,0.0161815,0.914114,0.835604,0.340145
173,0.0212755,0.0167261,,0.0215625,0.0415459,0.00934285,0.00932412,0.00681867,0.00466706,0.0164078,0.0192857,0.891910,0.795504,0.500231
174,0.0289928,0.0212502,,0.0274263,0.0603162,0.0107175,0.0106225,0.00771865,0.00553432,0.0215723,0.0241441,0.842859,0.710411,0.809770
175,0.0422099,0.0277692,,0.0357821,0.104228,0.0122821,0.0120881,0.00866331,0.00636411,0.0311734,0.0289630,0.745790,0.556203,1.05998
176,0.0489469,0.0304269,,0.0388730,0.145317,0.0131234,0.0128590,0.00913175,0.00678111,0.0381823,0.0301413,0.705433,0.497636,1.06910
177,0.0336981,0.0244478,,0.0301054,0.0659117,0.0126053,0.0123254,0.00880519,0.00658299,0.0243102,0.0283656,0.857170,0.734740,0.799889
178,0.0214059,0.0177037,,0.0212650,0.0353184,0.0112912,0.0110227,0.00802123,0.00603741,0.0165082,0.0206541,0.941485,0.886394,0.483727
179,0.0151884,0.0134495,,0.0158919,0.0233160,0.0100015,0.00975579,0.00725740,0.00548185,0.0125428,0.0151355,0.969002,0.938965,0.718082
180,0.0118929,0.0109161,,0.0128523,0.0177305,0.00898238,0.00876075,0.00664725,0.00495358,0.0103420,0.0119321,0.978679,0.957813,1.24790
181,0.0100529,0.00942352,,0.0110848,0.0147154,0.00828214,0.00808491,0.00620385,0.00446429,0.00903899,0.0101051,0.983055,0.966397,1.78711
182,0.00902256,0.00860118,,0.0100545,0.0130169,0.00782761,0.00766898,0.00588921,0.00404908,0.00826625,0.00910069,0.985552,0.971313,2.21082
183,0.00846793,0.00817057,,0.00948320,0.0120491,0.00756929,0.00744539,0.00568344,0.00373168,0.00782507,0.00857290,0.987113,0.974393,2.52360
184,0.00820457,0.00794628,,0.00916655,0.0115006,0.00745337,0.00733254,0.00555047,0.00351376,0.00758352,0.00831993,0.988146,0.976432,2.74108
185,0.00801629,0.00780508,,0.00894498,0.0111365,0.00738941,0.00725704,0.00546740,0.00337621,0.00742411,0.00814615,0.988825,0.977774,2.91082
186,0.00787377,0.00768499,,0.00876458,0.0108361,0.00734825,0.00721055,0.00541090,0.00330285,0.00730400,0.00800821,0.989377,0.978867,3.07258
187,0.00780864,0.00763626,,0.00866841,0.0106366,0.00738456,0.00723949,0.00541175,0.00331379,0.00726244,0.00794434,0.989973,0.980047,3.22816
188,0.00783374,0.00767331,,0.00863300,0.0105186,0.00745146,0.00730168,0.00544691,0.00338019,0.00727986,0.00797604,0.990803,0.981690,3.36004
189,0.00787983,0.00771210,,0.00860795,0.0104048,0.00749714,0.00733285,0.00541029,0.00344197,0.00728587,0.00802878,0.991590,0.983251,3.46976
190,0.00790755,0.00773265,,0.00855212,0.0102643,0.00749368,0.00730618,0.00531783,0.00348217,0.00725706,0.00806687,0.992368,0.984794,3.57389
191,0.00791368,0.00773099,,0.00848800,0.0101081,0.00746712,0.00724907,0.00520581,0.00348471,0.00720594,0.00808329,0.993036,0.986120,3.68588
192,0.00784099,0.00765835,,0.00835153,0.00987428,0.00739145,0.00715048,0.00507350,0.00344650,0.00709838,0.00801642,0.993646,0.987331,3.81485
193,0.00762620,0.00745499,,0.00808613,0.00949928,0.00720748,0.00697008,0.00491319,0.00337937,0.00689209,0.00779908,0.994168,0.988370,3.97537
194,0.00725715,0.00710749,,0.00766643,0.00894345,0.00689866,0.00668371,0.00471260,0.00329923,0.00657109,0.00741912,0.994743,0.989513,4.17048
195,0.00683388,0.00669862,,0.00718304,0.00832497,0.00651989,0.00632490,0.00451418,0.00327963,0.00620989,0.00697721,0.995356,0.990734,4.36923
196,0.00646594,0.00633351,,0.00676564,0.00780562,0.00621221,0.00603603,0.00440709,0.00335818,0.00592303,0.00658095,0.995866,0.991748,4.54744
197,0.00624819,0.00612024,,0.00651053,0.00749326,0.00605502,0.00590585,0.00442816,0.00348478,0.00578075,0.00633866,0.996292,0.992598,4.67220
198,0.00621522,0.00608389,,0.00645409,0.00742821,0.00608235,0.00595752,0.00458011,0.00361030,0.00580146,0.00628451,0.996553,0.993118,4.74478
199,0.00633174,0.00618704,,0.00655237,0.00754916,0.00624635,0.00613903,0.00479782,0.00375075,0.00594428,0.00638322,0.996702,0.993414,4.79513
200,0.00651367,0.00636194,,0.00670903,0.00773912,0.00648118,0.00636185,0.00501658,0.00383640,0.00612747,0.00655600,0.996865,0.993740,4.84589
201,0.00671396,0.00656089,,0.00686443,0.00791297,0.00667526,0.00650047,0.00514235,0.00377396,0.00626804,0.00676517,0.997103,0.994215,4.90367
202,0.00685673,0.00668727,,0.00695081,0.00798047,0.00676480,0.00652501,0.00513727,0.00354766,0.00630625,0.00692033,0.997343,0.994692,4.98998
203,0.00686511,0.00670357,,0.00692845,0.00790629,0.00675810,0.00645805,0.00502201,0.00327995,0.00624019,0.00694459,0.997589,0.995184,5.15931
204,0.00676838,0.00662309,,0.00685346,0.00776885,0.00673557,0.00640786,0.00490644,0.00315909,0.00615284,0.00684773,0.997725,0.995455,5.48340
205,0.00663718,0.00650919,,0.00675738,0.00762821,0.00675859,0.00645362,0.00487249,0.00318147,0.00609977,0.00669873,0.997797,0.995599,5.96864
206,0.00652601,0.00643166,,0.00670427,0.00754236,0.00684350,0.00658748,0.00492474,0.00332253,0.00611032,0.00656969,0.997810,0.995625,6.53675
207,0.00646554,0.00638470,,0.00667640,0.00751322,0.00692626,0.00673114,0.00501128,0.00353509,0.00615546,0.00648780,0.997794,0.995593,7.09115
208,0.00637526,0.00631389,,0.00660865,0.00742708,0.00693964,0.00679921,0.00504510,0.00367687,0.00614821,0.00638579,0.997820,0.995644,7.52779
209,0.00620543,0.00615911,,0.00645427,0.00725176,0.00682140,0.00672208,0.00495829,0.00365689,0.00602865,0.00621124,0.997783,0.995571,7.83961
210,0.00601279,0.00598213,,0.00627802,0.00704990,0.00665683,0.00657929,0.00484641,0.00350717,0.00586407,0.00602004,0.997700,0.995406,8.02535
211,0.00588464,0.00586503,,0.00616772,0.00691830,0.00654789,0.00645487,0.00477285,0.00334509,0.00574455,0.00589644,0.997592,0.995190,8.07760
212,0.00584219,0.00583268,,0.00612853,0.00686709,0.00650002,0.00637572,0.00474451,0.00326190,0.00569408,0.00586183,0.997567,0.995140,7.99681
213,0.00583321,0.00583481,,0.00611192,0.00684839,0.00647915,0.00632947,0.00474968,0.00330211,0.00568609,0.00585939,0.997602,0.995210,7.82318
214,0.00583250,0.00582936,,0.00608338,0.00682409,0.00646087,0.00630909,0.00477143,0.00343518,0.00569324,0.00585544,0.997691,0.995387,7.62484
215,0.00582152,0.00581700,,0.00604083,0.00679400,0.00645316,0.00632117,0.00480692,0.00365007,0.00571308,0.00583662,0.997779,0.995563,7.46917
216,0.00580839,0.00579932,,0.00599871,0.00675920,0.00645666,0.00634896,0.00484377,0.00384735,0.00573279,0.00581278,0.997853,0.995710,7.41667
217,0.00577240,0.00576200,,0.00594273,0.00669229,0.00643230,0.00634438,0.00484760,0.00391484,0.00571357,0.00577083,0.997924,0.995853,7.51177
218,0.00567196,0.00566090,,0.00582378,0.00654113,0.00633947,0.00627402,0.00478994,0.00381042,0.00561395,0.00566713,0.998004,0.996013,7.75989
219,0.00550076,0.00549560,,0.00564030,0.00630342,0.00616944,0.00611841,0.00464389,0.00356352,0.00542942,0.00549895,0.998081,0.996166,8.08701
220,0.00530709,0.00530092,,0.00543266,0.00603946,0.00596615,0.00592300,0.00443544,0.00324969,0.00520680,0.00530852,0.998128,0.996259,8.39977
221,0.00513588,0.00512770,,0.00525234,0.00582120,0.00578258,0.00573963,0.00423117,0.00299325,0.00501047,0.00514032,0.998129,0.996261,8.65156
222,0.00500200,0.00498913,,0.00510612,0.00565749,0.00563979,0.00559613,0.00408842,0.00283128,0.00486379,0.00500555,0.998122,0.996248,8.84984
223,0.00489006,0.00487118,,0.00497847,0.00552370,0.00551660,0.00547821,0.00400538,0.00273952,0.00475039,0.00488966,0.998134,0.996272,9.06100
224,0.00475577,0.00473161,,0.00483075,0.00536590,0.00537177,0.00534565,0.00393121,0.00268006,0.00462659,0.00474975,0.998153,0.996310,9.37469
225,0.00455300,0.00453005,,0.00462588,0.00513449,0.00516950,0.00515631,0.00380937,0.00265846,0.00445463,0.00454151,0.998170,0.996343,9.84990
226,0.00429630,0.00427659,,0.00437924,0.00484243,0.00491048,0.00491067,0.00364286,0.00259045,0.00423113,0.00428135,0.998162,0.996328,10.5578
227,0.00404268,0.00402733,,0.00414921,0.00454939,0.00464465,0.00466054,0.00353083,0.00260603,0.00402633,0.00402379,0.998213,0.996430,11.3495
228,0.00393641,0.00391636,,0.00398398,0.00432649,0.00445127,0.00447747,0.00352494,0.00275099,0.00392099,0.00391380,0.998654,0.997309,12.3157
229,0.00394852,0.00392721,,0.00393730,0.00417988,0.00435532,0.00437344,0.00362940,0.00296041,0.00391394,0.00392757,0.999176,0.998352,13.5560
230,0.00406803,0.00404554,,0.00397105,0.00408253,0.00428845,0.00431306,0.00370623,0.00313652,0.00395143,0.00406050,0.999573,0.999147,14.9775
231,0.00424490,0.00420389,,0.00411426,0.00413646,0.00429774,0.00431015,0.00378460,0.00334673,0.00405484,0.00425025,0.999736,0.999472,16.5217
232,0.00445368,0.00442679,,0.00430438,0.00423014,0.00437952,0.00439239,0.00401365,0.00362042,0.00422762,0.00447670,0.999745,0.999491,17.8837
233,0.00476667,0.00471918,,0.00455239,0.00446104,0.00461928,0.00463080,0.00443507,0.00412037,0.00453810,0.00477146,0.999550,0.999100,18.9162
234,0.00512661,0.00509160,,0.00492005,0.00485475,0.00505064,0.00508511,0.00508380,0.00478849,0.00500013,0.00510519,0.999571,0.999142,19.3448
235,0.00565900,0.00565140,,0.00539455,0.00533554,0.00556457,0.00562422,0.00577408,0.00547739,0.00556009,0.00562822,0.999349,0.998698,18.6139
236,0.00593206,0.00597310,,0.00577211,0.00571262,0.00596730,0.00604623,0.00627716,0.00589291,0.00594669,0.00590511,0.999626,0.999252,17.4659
237,0.00582711,0.00589464,,0.00579227,0.00572969,0.00598659,0.00607375,0.00623865,0.00581282,0.00591944,0.00580865,0.999819,0.999639,16.2454
238,0.00539307,0.00543757,,0.00541256,0.00535154,0.00562053,0.00567520,0.00566536,0.00519530,0.00546889,0.00537885,0.999857,0.999714,15.0291
239,0.00477845,0.00489063,,0.00493253,0.00491001,0.00510082,0.00510598,0.00485515,0.00444652,0.00487751,0.00480948,0.999637,0.999274,13.7369
240,0.00429175,0.00438536,,0.00460505,0.00467700,0.00481379,0.00472149,0.00417550,0.00376231,0.00442903,0.00431882,0.998658,0.997319,12.3908
241,0.00410574,0.00422622,,0.00457812,0.00473507,0.00484990,0.00470107,0.00376385,0.00314312,0.00426289,0.00414428,0.996854,0.993717,10.8485
242,0.00421684,0.00443150,,0.00503760,0.00520180,0.00524644,0.00503346,0.00370822,0.00275496,0.00445385,0.00428430,0.993536,0.987114,9.37739
243,0.00458335,0.00488231,,0.00562938,0.00580506,0.00587785,0.00564323,0.00398534,0.00262900,0.00487944,0.00467120,0.991838,0.983742,8.35935
244,0.00504328,0.00537414,,0.00626112,0.00645012,0.00653968,0.00630976,0.00440392,0.00269592,0.00538474,0.00513444,0.991253,0.982582,7.57845
245,0.00551191,0.00587469,,0.00686060,0.00708249,0.00720445,0.00697805,0.00492811,0.00286052,0.00591260,0.00560254,0.991169,0.982417,6.99275
246,0.00593537,0.00632837,,0.00736220,0.00760830,0.00777404,0.00756400,0.00545103,0.00311718,0.00639256,0.00602548,0.991497,0.983066,6.53449
247,0.00625495,0.00667257,,0.00769741,0.00799869,0.00816070,0.00796423,0.00584017,0.00340970,0.00674980,0.00634619,0.992004,0.984071,6.07629
248,0.00646398,0.00689067,,0.00788393,0.00824020,0.00840832,0.00821854,0.00602787,0.00371367,0.00698090,0.00655281,0.992492,0.985040,5.56303
257,0.00567458,0.00601237,,0.00675357,0.00703609,0.00750738,0.00715865,0.00445389,0.00307433,0.00595886,0.00577259,0.993235,0.986516,7.03622
258,0.00577303,0.00612887,,0.00691214,0.00722171,0.00768118,0.00736260,0.00462129,0.00310442,0.00610065,0.00587138,0.992824,0.985699,6.96757
259,0.00590034,0.00627652,,0.00709630,0.00742753,0.00786483,0.00758544,0.00476797,0.00304501,0.00624549,0.00600478,0.992453,0.984963,6.76963
260,0.00607920,0.00646533,,0.00732671,0.00767518,0.00811684,0.00785212,0.00489599,0.00292383,0.00641690,0.00619006,0.992143,0.984347,6.47686
261,0.00630554,0.00670472,,0.00761298,0.00797937,0.00844452,0.00817185,0.00504212,0.00281667,0.00663472,0.00642380,0.991845,0.983756,6.14137
262,0.00655298,0.00695915,,0.00791771,0.00828768,0.00879210,0.00854341,0.00524368,0.00279979,0.00688706,0.00667384,0.991691,0.983451,5.86956
263,0.00681462,0.00722996,,0.00824604,0.00863836,0.00917538,0.00896249,0.00552848,0.00289822,0.00718669,0.00693220,0.991530,0.983131,5.68963
264,0.00716523,0.00760900,,0.00870729,0.00913733,0.00969884,0.00952009,0.00594664,0.00308245,0.00760836,0.00728241,0.991221,0.982519,5.47362
265,0.00766789,0.00815708,,0.00937679,0.00985686,0.0104704,0.0102934,0.00650866,0.00330888,0.00820500,0.00778789,0.990753,0.981592,5.10111
266,0.00822898,0.00876722,,0.0101275,0.0106664,0.0113328,0.0111295,0.00710487,0.00352067,0.00885975,0.00835432,0.990223,0.980541,4.64580
267,0.00848053,0.00905254,,0.0104877,0.0110782,0.0117814,0.0115595,0.00744056,0.00355281,0.00917916,0.00860775,0.989720,0.979545,4.37587
268,0.00810801,0.00868053,,0.0100846,0.0106775,0.0113664,0.0111583,0.00726153,0.00338430,0.00884015,0.00822738,0.989206,0.978528,4.53799
269,0.00747914,0.00802307,,0.00933804,0.00991336,0.0105642,0.0103939,0.00686848,0.00339696,0.00824713,0.00757718,0.988965,0.978052,5.00411
270,0.00704189,0.00756349,,0.00883402,0.00939593,0.0100187,0.00989352,0.00664648,0.00372233,0.00788954,0.00711408,0.988855,0.977834,5.47531
271,0.00691818,0.00742955,,0.00869601,0.00925262,0.00985920,0.00978784,0.00665774,0.00411179,0.00783912,0.00697144,0.988988,0.978096,5.74702
272,0.00699003,0.00751663,,0.00880455,0.00936433,0.00996546,0.00991925,0.00677810,0.00428636,0.00795309,0.00704183,0.988954,0.978030,5.81539
273,0.00714101,0.00768173,,0.00899286,0.00955416,0.0101586,0.0101096,0.00687736,0.00425243,0.00809597,0.00720060,0.988942,0.978006,5.72164
274,0.00732490,0.00788132,,0.00920456,0.00978541,0.0103983,0.0103135,0.00696548,0.00417701,0.00825631,0.00739529,0.988972,0.978065,5.52168
275,0.00760535,0.00816945,,0.00953616,0.0101519,0.0107927,0.0106584,0.00716412,0.00426945,0.00854345,0.00767818,0.989004,0.978130,5.24941
276,0.00795211,0.00853984,,0.00997484,0.0106312,0.0113338,0.0111687,0.00751189,0.00457511,0.00896095,0.00802120,0.988917,0.977957,4.97138
277,0.00827724,0.00888566,,0.0103971,0.0110996,0.0118419,0.0117151,0.00790435,0.00496752,0.00938606,0.00833646,0.988774,0.977674,4.78766
278,0.00847459,0.00910253,,0.0106634,0.0113853,0.0121554,0.0120800,0.00818934,0.00516976,0.00965254,0.00852901,0.988620,0.977370,4.74588
279,0.00859492,0.00923097,,0.0108126,0.0115297,0.0123086,0.0122490,0.00831687,0.00512379,0.00977082,0.00865308,0.988635,0.977400,4.78046
280,0.00865623,0.00929948,,0.0108850,0.0115802,0.0123463,0.0122723,0.00830338,0.00494562,0.00978607,0.00872652,0.988738,0.977602,4.84692
281,0.00861954,0.00925154,,0.0108162,0.0114803,0.0122335,0.0121160,0.00815458,0.00473773,0.00967617,0.00869837,0.989025,0.978170,4.93980
282,0.00848246,0.00909724,,0.0106084,0.0112341,0.0119874,0.0118253,0.00792912,0.00459618,0.00947003,0.00856543,0.989451,0.979014,5.03558
283,0.00830258,0.00889253,,0.0103527,0.0109468,0.0116986,0.0114941,0.00771849,0.00453302,0.00924234,0.00838287,0.989864,0.979830,5.09927
284,0.00816251,0.00873425,,0.0101464,0.0107165,0.0114675,0.0112490,0.00755815,0.00447979,0.00906426,0.00824088,0.990251,0.980598,5.08677
285,0.00816336,0.00870496,,0.0100897,0.0106369,0.0113941,0.0111588,0.00748865,0.00446913,0.00901320,0.00823774,0.990796,0.981677,5.00329
286,0.00827476,0.00878742,,0.0101679,0.0106959,0.0114304,0.0111991,0.00754915,0.00457199,0.00908457,0.00834495,0.991385,0.982843,4.95108
287,0.00839798,0.00889606,,0.0102840,0.0108070,0.0115067,0.0113022,0.00769878,0.00476937,0.00920776,0.00846309,0.991805,0.983678,5.03384
288,0.00845785,0.00894894,,0.0103359,0.0108687,0.0115567,0.0114089,0.00788305,0.00502387,0.00931048,0.00851154,0.992107,0.984276,5.21278
289,0.00843622,0.00892672,,0.0103069,0.0108552,0.0115630,0.0114348,0.00801100,0.00526816,0.00935026,0.00847712,0.992255,0.984571,5.38920
290,0.00834685,0.00883692,,0.0101890,0.0107480,0.0114788,0.0113651,0.00799316,0.00531287,0.00928384,0.00838148,0.992350,0.984758,5.51364
291,0.00823835,0.00871636,,0.0100292,0.0105857,0.0113467,0.0112128,0.00784286,0.00513790,0.00913873,0.00827247,0.992463,0.984984,5.57716
292,0.00821073,0.00867595,,0.00996969,0.0105219,0.0113007,0.0111452,0.00773956,0.00491063,0.00905929,0.00824730,0.992542,0.985139,5.56482
293,0.00833571,0.00879259,,0.0101043,0.0106616,0.0114495,0.0112697,0.00779072,0.00479092,0.00914937,0.00837474,0.992567,0.985189,5.48181
294,0.00860029,0.00905387,,0.0104195,0.0109806,0.0117664,0.0115756,0.00801072,0.00484100,0.00940599,0.00864070,0.992585,0.985225,5.36228
295,0.00891930,0.00938835,,0.0108309,0.0114047,0.0121680,0.0119402,0.00835683,0.00500992,0.00975228,0.00896465,0.992467,0.984990,5.24334
296,0.00918469,0.00967163,,0.0112030,0.0117979,0.0125315,0.0122468,0.00864725,0.00513281,0.0100519,0.00923544,0.992154,0.984369,5.14562
297,0.00931003,0.00981925,,0.0114190,0.0120454,0.0127628,0.0124115,0.00879268,0.00511941,0.0102100,0.00936732,0.991652,0.983374,5.08148
298,0.00931432,0.00984965,,0.0114930,0.0121595,0.0128761,0.0124895,0.00877770,0.00495426,0.0102392,0.00937920,0.990991,0.982063,5.03664
299,0.00931024,0.00987560,,0.0115300,0.0122403,0.0129922,0.0126166,0.00871641,0.00477236,0.0102567,0.00938185,0.990433,0.980957,4.98697
300,0.00933299,0.00992342,,0.0115585,0.0123167,0.0131163,0.0128023,0.00870116,0.00464570,0.0102996,0.00940698,0.990156,0.980408,4.94401
301,0.00932026,0.00992800,,0.0115188,0.0123100,0.0131420,0.0129120,0.00872123,0.00459366,0.0103057,0.00939305,0.990162,0.980421,4.93868
302,0.00926413,0.00987363,,0.0114215,0.0122305,0.0130646,0.0128956,0.00876985,0.00464365,0.0102704,0.00933049,0.990349,0.980791,4.97478
303,0.00917472,0.00977515,,0.0112880,0.0120968,0.0129215,0.0127970,0.00880927,0.00479464,0.0102071,0.00923072,0.990627,0.981341,5.04056
304,0.00904060,0.00962411,,0.0111075,0.0118924,0.0127002,0.0126096,0.00871665,0.00493090,0.0100777,0.00908863,0.990895,0.981873,5.13907
305,0.00886541,0.00943819,,0.0108896,0.0116385,0.0124235,0.0123530,0.00846275,0.00494454,0.00987693,0.00891429,0.991043,0.982167,5.25513
306,0.00868772,0.00924995,,0.0106740,0.0113833,0.0121473,0.0120708,0.00808505,0.00476963,0.00963348,0.00874502,0.991049,0.982179,5.36262
307,0.00852819,0.00908957,,0.0104943,0.0111741,0.0119100,0.0118166,0.00768049,0.00441806,0.00938891,0.00860128,0.990849,0.981781,5.44903
308,0.00841280,0.00896930,,0.0103703,0.0110338,0.0117481,0.0116192,0.00735073,0.00408132,0.00919820,0.00849828,0.990589,0.981266,5.51373
309,0.00833194,0.00889135,,0.0103000,0.0109556,0.0116489,0.0114706,0.00715955,0.00393219,0.00908626,0.00842575,0.990323,0.980740,5.56827
310,0.00828132,0.00883764,,0.0102495,0.0108933,0.0115748,0.0113220,0.00712909,0.00389478,0.00902280,0.00837783,0.990268,0.980630,5.61589
311,0.00827763,0.00882363,,0.0102358,0.0108701,0.0115611,0.0111888,0.00732931,0.00400228,0.00903609,0.00836804,0.990462,0.981016,5.64048
312,0.00832849,0.00886067,,0.0102764,0.0109179,0.0116421,0.0111289,0.00774553,0.00452211,0.00917777,0.00839786,0.990878,0.981840,5.63575
313,0.00839423,0.00892440,,0.0103325,0.0110072,0.0117647,0.0111455,0.00823142,0.00540721,0.00940089,0.00843450,0.991350,0.982776,5.60707
314,0.00841110,0.00893638,,0.0103111,0.0110626,0.0117973,0.0111494,0.00855176,0.00607696,0.00953706,0.00842560,0.991686,0.983440,5.57429
315,0.00834811,0.00886998,,0.0101787,0.0110249,0.0116659,0.0110650,0.00847854,0.00615726,0.00947356,0.00835802,0.991741,0.983551,5.56538
316,0.00825879,0.00877910,,0.0100244,0.0109300,0.0114126,0.0109318,0.00815254,0.00566906,0.00926979,0.00828793,0.991574,0.983220,5.57442
317,0.00821317,0.00874945,,0.00998026,0.0108608,0.0111632,0.0108528,0.00783100,0.00515243,0.00910039,0.00827616,0.991303,0.982681,5.56068
318,0.00823115,0.00879908,,0.0100771,0.0108252,0.0110321,0.0108654,0.00770646,0.00489834,0.00905436,0.00832751,0.991065,0.982209,5.50274
319,0.00830664,0.00891024,,0.0102752,0.0108285,0.0111082,0.0109305,0.00777050,0.00506976,0.00914995,0.00842273,0.990919,0.981920,5.39969
320,0.00842377,0.00904524,,0.0104852,0.0109114,0.0113701,0.0110215,0.00784906,0.00569253,0.00934984,0.00853737,0.990934,0.981949,5.25669
321,0.00855919,0.00916889,,0.0106322,0.0110563,0.0117199,0.0110996,0.00788078,0.00642818,0.00956814,0.00865239,0.991166,0.982410,5.11967
322,0.00869111,0.00927776,,0.0107356,0.0112605,0.0120580,0.0111730,0.00792048,0.00667459,0.00972388,0.00876679,0.991237,0.982551,5.02180
323,0.00884040,0.00940867,,0.0108805,0.0115083,0.0123906,0.0113805,0.00795009,0.00618362,0.00981784,0.00891361,0.990921,0.981924,4.96965
324,0.00901591,0.00960974,,0.0111261,0.0118114,0.0126869,0.0117790,0.00800104,0.00538241,0.00992657,0.00910899,0.990254,0.980603,4.94479
325,0.00921376,0.00984427,,0.0114293,0.0121094,0.0129557,0.0122578,0.00811594,0.00477623,0.0100878,0.00932832,0.989680,0.979466,4.91739
326,0.00941471,0.0100813,,0.0117422,0.0123939,0.0132036,0.0126496,0.00826076,0.00440755,0.0102692,0.00955011,0.989251,0.978618,4.86667
327,0.00956700,0.0102678,,0.0119989,0.0126126,0.0133906,0.0129184,0.00832108,0.00416741,0.0104055,0.00972368,0.988849,0.977822,4.80861
328,0.00961734,0.0103374,,0.0121101,0.0127031,0.0134622,0.0130228,0.00825635,0.00392311,0.0104290,0.00978988,0.988464,0.977061,4.77003
329,0.00963002,0.0103578,,0.0121562,0.0127500,0.0135055,0.0130856,0.00816267,0.00373263,0.0104226,0.00981113,0.988101,0.976344,4.73390
330,0.00970250,0.0104392,,0.0122700,0.0128785,0.0136462,0.0132527,0.00817873,0.00356502,0.0104916,0.00988905,0.987731,0.975613,4.66817
331,0.00985003,0.0106034,,0.0124754,0.0131094,0.0138986,0.0135191,0.00832484,0.00349048,0.0106589,0.0100414,0.987379,0.974918,4.57899
332,0.0100718,0.0108498,,0.0127746,0.0134337,0.0142276,0.0138698,0.00857884,0.00361995,0.0109283,0.0102681,0.987119,0.974403,4.48806
333,0.0103088,0.0111137,,0.0130891,0.0137905,0.0145899,0.0142551,0.00889010,0.00392724,0.0112455,0.0105045,0.986886,0.973943,4.42827
334,0.0104754,0.0113170,,0.0133364,0.0140801,0.0149078,0.0145676,0.00914990,0.00418836,0.0115028,0.0106724,0.986442,0.973067,4.40795
335,0.0106150,0.0114940,,0.0135645,0.0143456,0.0152218,0.0148884,0.00935505,0.00433966,0.0117280,0.0108136,0.985812,0.971825,4.37345
336,0.0108068,0.0117205,,0.0138496,0.0146778,0.0156088,0.0152523,0.00956517,0.00441917,0.0119875,0.0110096,0.985159,0.970538,4.27852
337,0.0110188,0.0119678,,0.0141652,0.0150387,0.0160113,0.0156246,0.00976338,0.00439721,0.0122484,0.0112308,0.984445,0.969132,4.13184
338,0.0111588,0.0121348,,0.0143736,0.0152762,0.0162615,0.0158138,0.00983775,0.00424357,0.0123875,0.0113880,0.983814,0.967889,3.99039
339,0.0111319,0.0121140,,0.0143636,0.0152837,0.0162368,0.0157438,0.00969938,0.00392593,0.0123124,0.0113800,0.983156,0.966595,3.91266
340,0.0110374,0.0120169,,0.0142710,0.0152025,0.0161005,0.0155686,0.00946059,0.00361324,0.0121588,0.0113035,0.982488,0.965282,3.89566
341,0.0110219,0.0120113,,0.0142773,0.0152212,0.0160637,0.0155024,0.00928608,0.00342717,0.0121014,0.0113089,0.981924,0.964174,3.90021
342,0.0110262,0.0120408,,0.0143142,0.0152591,0.0160502,0.0154575,0.00915577,0.00334760,0.0120814,0.0113376,0.981465,0.963273,3.93268
343,0.0108726,0.0118856,,0.0141315,0.0150233,0.0157833,0.0151851,0.00893963,0.00330453,0.0118907,0.0111969,0.981350,0.963049,4.02708
344,0.0105009,0.0114887,,0.0136173,0.0144490,0.0151940,0.0146162,0.00859323,0.00328812,0.0114684,0.0108237,0.981698,0.963730,4.18458
345,0.00995818,0.0108989,,0.0128741,0.0136160,0.0143601,0.0138329,0.00817316,0.00337163,0.0108856,0.0102620,0.982373,0.965057,4.37100
346,0.00930046,0.0101826,,0.0119660,0.0126393,0.0133674,0.0128942,0.00772829,0.00353839,0.0102021,0.00957472,0.983266,0.966811,4.54866
347,0.00855360,0.00938753,,0.0109970,0.0116120,0.0122831,0.0119250,0.00728552,0.00371366,0.00946968,0.00879522,0.983787,0.967836,4.66828
348,0.00790236,0.00866983,,0.0101138,0.0106877,0.0113370,0.0110283,0.00696543,0.00387516,0.00882243,0.00810434,0.984634,0.969505,4.63496
357,0.00818883,0.00976159,,0.0646962,0.0414163,0.0161481,0.00703022,0.00477032,0.00327628,0.0194110,0.00686683,0.826558,0.683198,4.37947
358,0.00836635,0.00992354,,0.0519379,0.0357341,0.0156751,0.00714453,0.00472860,0.00319003,0.0170875,0.00718123,0.836214,0.699255,4.58429
359,0.00855229,0.0101414,,0.0467976,0.0334422,0.0155132,0.00724184,0.00472206,0.00295551,0.0161708,0.00744468,0.839584,0.704901,4.57620
360,0.00882038,0.0104937,,0.0444924,0.0332199,0.0157598,0.00735747,0.00480239,0.00269910,0.0159556,0.00774096,0.838645,0.703325,4.35629
361,0.00926207,0.0111433,,0.0472424,0.0363894,0.0166766,0.00754949,0.00494160,0.00252153,0.0169658,0.00809608,0.829414,0.687927,3.90372
362,0.00995181,0.0122087,,0.0661349,0.0499027,0.0183844,0.00778798,0.00509387,0.00245303,0.0214897,0.00845683,0.815666,0.665312,3.30330
363,0.0101089,0.0125029,,0.190264,0.0623761,0.0184600,0.00772580,0.00506359,0.00242270,0.0386155,0.00810879,0.783455,0.613801,3.04962
364,0.00888587,0.0107601,,0.0428145,0.0311101,0.0147157,0.00703501,0.00466957,0.00232700,0.0152897,0.00789861,0.839407,0.704604,3.74586
365,0.00758111,0.00872043,,0.0203639,0.0175170,0.0108922,0.00607076,0.00409722,0.00213643,0.00967239,0.00733156,0.894025,0.799282,4.76875
366,0.00670953,0.00748454,,0.0132682,0.0120312,0.00849745,0.00528344,0.00358124,0.00191057,0.00734577,0.00686730,0.929887,0.864690,5.72182
367,0.00608551,0.00662201,,0.00997114,0.00915472,0.00694637,0.00465300,0.00315033,0.00169234,0.00603443,0.00645800,0.953398,0.908969,6.69833
368,0.00556189,0.00593761,,0.00796434,0.00734747,0.00585535,0.00410395,0.00278392,0.00151549,0.00513375,0.00604504,0.969476,0.939885,7.69357
369,0.00518721,0.00543127,,0.00660269,0.00614237,0.00504666,0.00368485,0.00249433,0.00142481,0.00450177,0.00572988,0.981675,0.963686,8.71115
370,0.00493146,0.00507706,,0.00579220,0.00539433,0.00454040,0.00339626,0.00233389,0.00141055,0.00410952,0.00548377,0.988808,0.977742,9.64225
371,0.00480581,0.00487863,,0.00533056,0.00499758,0.00427401,0.00324954,0.00226538,0.00145242,0.00390674,0.00534729,0.992882,0.985814,10.4977
372,0.00470697,0.00472612,,0.00507995,0.00479381,0.00414369,0.00319977,0.00225107,0.00152379,0.00380315,0.00521125,0.994614,0.989258,11.3019
373,0.00458602,0.00456830,,0.00485509,0.00461237,0.00402206,0.00315563,0.00224708,0.00157070,0.00370216,0.00505415,0.995706,0.991430,12.1104
374,0.00439382,0.00432540,,0.00452443,0.00432800,0.00380266,0.00306132,0.00219555,0.00157811,0.00352616,0.00481749,0.996981,0.993971,12.9999
375,0.00412326,0.00403366,,0.00411957,0.00396554,0.00350358,0.00288958,0.00209195,0.00153323,0.00328255,0.00451356,0.998123,0.996250,13.9151
376,0.00386822,0.00375425,,0.00378109,0.00364369,0.00323281,0.00272614,0.00198714,0.00147299,0.00305829,0.00422139,0.998760,0.997521,14.7776
377,0.00365959,0.00355419,,0.00355545,0.00342391,0.00303912,0.00260660,0.00191436,0.00142838,0.00289770,0.00398921,0.999033,0.998067,15.5238
378,0.00352449,0.00342027,,0.00339663,0.00326572,0.00290229,0.00251386,0.00185615,0.00139464,0.00278425,0.00384038,0.999243,0.998487,16.1609
379,0.00338824,0.00328871,,0.00324345,0.00311323,0.00277604,0.00241670,0.00178788,0.00135800,0.00267153,0.00369178,0.999400,0.998801,16.8335
380,0.00328285,0.00319042,,0.00313332,0.00300224,0.00268666,0.00233450,0.00172900,0.00133510,0.00258676,0.00357804,0.999473,0.998945,17.4941
381,0.00329866,0.00320667,,0.00314971,0.00300813,0.00270409,0.00232297,0.00171999,0.00133993,0.00259377,0.00359894,0.999451,0.998902,17.6195
382,0.00346828,0.00336644,,0.00332161,0.00315781,0.00284650,0.00240438,0.00178434,0.00136127,0.00271383,0.00379135,0.999349,0.998698,17.0154
383,0.00376767,0.00366025,,0.00363171,0.00343583,0.00310218,0.00258232,0.00193085,0.00139386,0.00293809,0.00413195,0.999231,0.998462,16.1156
384,0.00404828,0.00393754,,0.00405539,0.00382226,0.00343656,0.00284318,0.00214270,0.00143242,0.00321479,0.00442143,0.998329,0.996662,15.1147
385,0.00423170,0.00414475,,0.00440032,0.00432604,0.00385882,0.00316739,0.00241177,0.00146002,0.00350010,0.00455964,0.996649,0.993310,14.0312
386,0.00434967,0.00427335,,0.00477212,0.00491322,0.00440187,0.00357140,0.00271893,0.00149200,0.00381157,0.00457962,0.993258,0.986562,12.7295
387,0.00443541,0.00435345,,0.00527727,0.00565102,0.00517004,0.00404365,0.00308537,0.00152325,0.00419243,0.00453124,0.987081,0.974329,11.2385
388,0.00454580,0.00451854,,0.00598295,0.00690383,0.00627022,0.00465513,0.00345657,0.00162902,0.00474526,0.00451053,0.977687,0.955872,9.76930
389,0.00473304,0.00480198,,0.00711012,0.00856389,0.00772388,0.00536516,0.00384161,0.00181356,0.00549416,0.00458323,0.965584,0.932352,8.54504
390,0.00500104,0.00511833,,0.00812213,0.0103032,0.00920182,0.00600778,0.00415616,0.00204144,0.00624399,0.00475339,0.956460,0.914815,7.59124
391,0.00519236,0.00532701,,0.00883707,0.0117465,0.0102453,0.00647891,0.00431252,0.00222147,0.00679515,0.00486807,0.949794,0.902109,6.82688
392,0.00526661,0.00540550,,0.00915558,0.0124642,0.0107229,0.00668077,0.00430216,0.00227266,0.00703380,0.00490500,0.945715,0.894376,6.36730
393,0.00526820,0.00540972,,0.00918133,0.0125922,0.0107626,0.00669111,0.00421159,0.00218193,0.00703735,0.00490399,0.943947,0.891035,6.15958
394,0.00529827,0.00543198,,0.00920962,0.0125798,0.0107441,0.00668767,0.00414448,0.00200749,0.00701293,0.00493928,0.943117,0.889469,6.04560
395,0.00538168,0.00551695,,0.00936737,0.0127022,0.0108706,0.00671834,0.00415128,0.00184929,0.00706970,0.00502671,0.942188,0.887718,5.90053
396,0.00548456,0.00563643,,0.00955508,0.0128474,0.0110648,0.00674654,0.00422071,0.00181325,0.00717110,0.00513637,0.941727,0.886850,5.76875
397,0.00557690,0.00576052,,0.00967661,0.0128916,0.0112026,0.00678264,0.00434757,0.00197415,0.00727657,0.00524114,0.942406,0.888129,5.74666
398,0.00569345,0.00589972,,0.00979969,0.0129271,0.0113365,0.00689370,0.00456936,0.00235623,0.00743446,0.00536113,0.943952,0.891045,5.82229
399,0.00587488,0.00610278,,0.0100339,0.0130449,0.0115516,0.00707844,0.00486669,0.00285261,0.00767573,0.00554242,0.945668,0.894289,5.92482
400,0.00604906,0.00629800,,0.0101378,0.0129431,0.0115785,0.00721514,0.00507552,0.00324878,0.00781824,0.00573752,0.948720,0.900070,6.07254
401,0.00606674,0.00632020,,0.00989484,0.0123139,0.0111295,0.00712059,0.00507891,0.00331605,0.00765508,0.00580515,0.952523,0.907300,6.33608
402,0.00596251,0.00620343,,0.00940479,0.0114251,0.0104161,0.00685234,0.00492521,0.00315227,0.00729272,0.00576268,0.956940,0.915734,6.65277
403,0.00586672,0.00607753,,0.00896996,0.0107339,0.00982395,0.00660987,0.00477599,0.00297477,0.00697909,0.00570962,0.960566,0.922687,6.85937
404,0.00583929,0.00602360,,0.00870056,0.0103377,0.00948003,0.00649296,0.00469002,0.00291762,0.00681022,0.00570668,0.963003,0.927375,6.89005
405,0.00580391,0.00596744,,0.00843302,0.00994223,0.00915586,0.00636347,0.00459633,0.00291590,0.00664727,0.00569784,0.965036,0.931295,6.91303
406,0.00563149,0.00577383,,0.00795859,0.00924836,0.00861317,0.00610839,0.00445004,0.00281078,0.00632433,0.00556109,0.967654,0.936353,7.18459
407,0.00535169,0.00547362,,0.00738353,0.00841992,0.00796424,0.00578678,0.00428339,0.00255538,0.00590232,0.00531563,0.970329,0.941539,7.70450
408,0.00516727,0.00526666,,0.00702668,0.00791226,0.00751465,0.00560067,0.00418421,0.00225778,0.00561627,0.00515213,0.971834,0.944461,8.14627
409,0.00519824,0.00527718,,0.00704965,0.00792417,0.00742535,0.00570484,0.00420734,0.00204392,0.00560384,0.00518849,0.971593,0.943993,8.12500
410,0.00546260,0.00552666,,0.00747466,0.00848508,0.00776191,0.00612806,0.00435473,0.00195475,0.00589355,0.00544050,0.969311,0.939564,7.50138
411,0.00592462,0.00602162,,0.00834024,0.00962565,0.00855641,0.00684857,0.00468957,0.00198180,0.00649856,0.00587804,0.964439,0.930143,6.70931
412,0.00657303,0.00673217,,0.00971115,0.0114908,0.00986396,0.00784185,0.00527715,0.00215436,0.00745556,0.00646069,0.956610,0.915102,5.79009
413,0.00741787,0.00764593,,0.0116572,0.0141789,0.0118108,0.00907574,0.00618595,0.00250686,0.00880991,0.00717861,0.946559,0.895974,4.92308
414,0.00843452,0.00875715,,0.0140583,0.0175402,0.0141910,0.0103496,0.00726922,0.00302148,0.0104527,0.00804771,0.936892,0.877767,4.13848
415,0.00947943,0.00989423,,0.0165959,0.0212398,0.0167327,0.0115794,0.00827062,0.00361182,0.0121755,0.00893395,0.928567,0.862236,3.60697
416,0.0104569,0.0109157,,0.0191309,0.0249548,0.0192406,0.0125858,0.00889798,0.00414385,0.0137908,0.00974588,0.920696,0.847681,3.20387
417,0.0111551,0.0116545,,0.0212763,0.0283536,0.0213686,0.0132366,0.00899630,0.00441990,0.0150576,0.0103050,0.912950,0.833478,2.88575
418,0.0113636,0.0118622,,0.0224049,0.0302515,0.0225325,0.0133536,0.00860399,0.00429970,0.0155840,0.0104339,0.906695,0.822095,2.66957
419,0.0110692,0.0116195,,0.0221530,0.0299770,0.0225361,0.0130911,0.00808179,0.00375931,0.0152859,0.0101834,0.904501,0.818122,2.60611
420,0.0106532,0.0112446,,0.0213037,0.0287460,0.0220086,0.0128484,0.00769128,0.00316709,0.0147078,0.00984649,0.905208,0.819402,2.64108
421,0.0103619,0.0109841,,0.0206435,0.0277525,0.0216464,0.0127902,0.00757356,0.00270987,0.0143078,0.00960859,0.906105,0.821026,2.68925
422,0.0101825,0.0108393,,0.0201239,0.0269984,0.0213931,0.0128774,0.00760132,0.00244639,0.0140578,0.00946851,0.907249,0.823101,2.73595
423,0.00998980,0.0106800,,0.0194574,0.0258429,0.0208971,0.0129300,0.00765253,0.00231615,0.0137207,0.00933078,0.909489,0.827171,2.81453
424,0.00974561,0.0104672,,0.0185619,0.0242562,0.0200607,0.0128567,0.00764527,0.00223485,0.0132286,0.00916866,0.913242,0.834012,2.93503
425,0.00949034,0.0102410,,0.0176523,0.0226153,0.0191083,0.0126174,0.00749394,0.00212923,0.0126685,0.00901136,0.917639,0.842061,3.06928
426,0.00928208,0.0100568,,0.0168540,0.0212425,0.0182279,0.0122646,0.00722803,0.00195938,0.0121394,0.00890550,0.922192,0.850439,3.19241
427,0.00909618,0.00989949,,0.0161592,0.0200579,0.0173710,0.0118039,0.00701877,0.00183034,0.0116546,0.00882003,0.926685,0.858745,3.30205
428,0.00887243,0.00969656,,0.0154199,0.0189193,0.0164729,0.0112556,0.00694515,0.00184166,0.0111779,0.00868260,0.930990,0.866742,3.41661
429,0.00862715,0.00947268,,0.0147582,0.0179175,0.0156421,0.0107565,0.00692086,0.00199350,0.0107611,0.00850297,0.933934,0.872234,3.53948
430,0.00845990,0.00931881,,0.0143282,0.0172318,0.0150316,0.0105206,0.00689669,0.00207314,0.0104826,0.00838081,0.935279,0.874747,3.65053
431,0.00837343,0.00924718,,0.0140809,0.0167961,0.0146135,0.0105000,0.00680073,0.00199019,0.0103003,0.00833623,0.935542,0.875238,3.74591
432,0.00821653,0.00909361,,0.0136201,0.0161243,0.0140133,0.0104553,0.00654601,0.00174224,0.00997642,0.00823539,0.936781,0.877558,3.88598
433,0.00783378,0.00867904,,0.0125756,0.0147946,0.0129390,0.0100957,0.00625503,0.00160838,0.00934764,0.00791311,0.941492,0.886406,4.15336
434,0.00727899,0.00807325,,0.0111964,0.0131214,0.0115811,0.00944834,0.00597910,0.00172485,0.00855042,0.00740055,0.948629,0.899898,4.56035
435,0.00670608,0.00742357,,0.00987221,0.0115479,0.0103295,0.00873701,0.00569331,0.00182704,0.00776707,0.00684249,0.955774,0.913504,5.05551
436,0.00621691,0.00684382,,0.00880304,0.0102412,0.00926951,0.00808956,0.00529052,0.00180944,0.00707050,0.00636307,0.961757,0.924977,5.56354
437,0.00584554,0.00639829,,0.00804738,0.00927612,0.00844558,0.00758352,0.00477676,0.00166132,0.00650431,0.00601265,0.965787,0.932745,6.02156
438,0.00561453,0.00611698,,0.00764158,0.00868562,0.00786021,0.00725023,0.00425501,0.00153310,0.00611966,0.00581024,0.967663,0.936372,6.32267
439,0.00553831,0.00600798,,0.00751562,0.00840934,0.00758551,0.00710327,0.00391364,0.00154068,0.00595179,0.00575643,0.968631,0.938246,6.39660
440,0.00557258,0.00602976,,0.00756377,0.00836418,0.00761899,0.00710419,0.00380073,0.00171717,0.00597142,0.00579713,0.969166,0.939283,6.22777
