"Position  (cm, u-channel)",Core,"Depth (cm)","Age (years BP) MS Augusta  C14_optimized","Decl ChRM measured","Decl ChRM  (rotated)","arbitrary rotation","Incl ChRM ",MAD,"MS-mean (10E-05 SI)","Intensity NRM_0mT (emu/cc)","Intensity ARM_0mT (emu/cc)","NRM/ARM_0mT norm max","MDF_NRM (mT)","MDF_ARM (mT)"
104,MS06SW,8,152.5,276.28,-23.72,-300,40.88,1.06,17.9093333333333,1.32E-05,0.00011499,0.34192825324765,27.0263673680707,23.6176281536237
103,,9,165,281.51,-18.49,,43.37,1.05,16.5703333333333,1.37E-05,0.00011353,0.35944385199279,27.7653149266609,23.4498272676147
102,,10,177.5,286.59,-13.41,,45.29,1.2,16.2313333333333,1.46E-05,0.00011209,0.38797801528387,27.9428117553614,23.3003340174655
101,,11,190,290.08,-9.92000000000002,,45.78,1.28,15.226,1.55E-05,0.00011087,0.41642690493007,28.0478270866866,23.1936369509044
100,,12,202.5,291.24,-8.75999999999999,,45.53,1.22,14.8873333333333,1.64E-05,0.00010998,0.44417208734339,27.9782990266475,23.1345157110463
99,,13,215,290.71,-9.29000000000002,,45.26,0.99,14.5486666666667,1.73E-05,0.00010936,0.47120374343868,27.7981651376147,23.1183013965573
98,,14,227.5,289.39,-10.61,,45.32,0.84,14.2093333333333,1.81E-05,0.00010897,0.494757919278,27.727299236018,23.1249745821302
97,,15,240,288.48,-11.52,,45.53,0.79,13.8706666666667,1.88E-05,0.00010874,0.51497915587488,27.7444336882865,23.1283074167549
96,,16,257.777777777778,289.14,-10.86,,45.32,0.67,13.8653333333333,1.94E-05,0.00010846,0.53278655929178,27.7170760265042,23.1084386465552
95,,17,275.555555555556,291.26,-8.74000000000001,,44.83,0.79,13.5263333333333,1.97E-05,0.00010785,0.54408556908913,27.7829947943248,23.0502642251444
94,,18,293.333333333333,294.05,-5.94999999999999,,44.02,0.79,13.521,1.97E-05,0.00010661,0.55041392576928,27.7377781160413,22.9622274626619
93,,19,311.111111111111,296.21,-3.79000000000002,,43.05,0.79,13.5153333333333,1.93E-05,0.0001046,0.54960003905954,27.6512086316008,22.8411623701585
92,,20,328.888888888889,297.68,-2.31999999999999,,42.45,0.66,13.1766666666667,1.85E-05,0.00010191,0.54072451186692,27.5404442007129,22.7280144280316
91,,21,346.666666666667,298.63,-1.37,,41.83,0.79,12.1713333333333,1.74E-05,9.8887E-05,0.52412053675015,27.6007834653726,22.6213228818038
90,,22,364.444444444444,299.06,-0.94,,41.3,0.66,11.832,1.63E-05,9.5983E-05,0.50584145141188,27.7693917676159,22.5836313430809
89,,23,382.222222222222,298.98,-1.01999999999998,,40.74,0.79,11.16,1.55E-05,9.3761E-05,0.49241423352564,28.0576202065382,22.5867031895631
88,,24,400,298.94,-1.06,,40.32,0.79,10.488,1.51E-05,9.2798E-05,0.48468486830495,28.279264666126,22.6535221871912
87,,25,417.777777777778,298.59,-1.41000000000003,,40.15,0.87,10.4823333333333,1.51E-05,9.348E-05,0.48114876346772,28.5017645171639,22.7323045170974
86,,26,435.555555555556,298.46,-1.54000000000002,,40.02,0.9,11.477,1.54E-05,9.536E-05,0.48103381726551,28.5184058411926,22.7641113213643
85,,27,453.333333333333,298.7,-1.30000000000001,,40.08,0.9,12.4713333333333,1.59E-05,9.7322E-05,0.48663935687956,28.1928141571829,22.7326634075683
84,,28,471.111111111111,299.21,-0.79000000000002,,40.04,0.8,12.466,1.63E-05,9.8845E-05,0.49119510375706,28.0009310174275,22.6152032737301
83,,29,488.888888888889,299.75,-0.25,,39.78,0.79,12.4606666666667,1.69E-05,0.0001003,0.50188810410587,27.6505571915238,22.4391732798465
82,,30,506.666666666667,299.48,-0.51999999999998,,39.37,0.67,11.455,1.79E-05,0.00010278,0.51875888493292,27.2553045859001,22.2317124735729
81,,31,524.444444444444,299.09,-0.91000000000003,,39.39,2.26,11.7826666666667,1.92E-05,0.0001069,0.53498875538325,26.9584042059688,22.026486857512
80,,32,542.222222222222,297.59,-2.41000000000003,,39.01,2.2,11.7773333333333,2.08E-05,0.00011253,0.55057456778644,26.730931031996,21.8029534093944
79,,33,560,296.1,-3.89999999999998,,38.93,2.12,12.7716666666667,2.24E-05,0.00011868,0.56220099659207,26.5366843232278,21.6187257299008
78,,34,570.909090909091,294.95,-5.05000000000001,,39.23,2.05,13.0996666666667,2.38E-05,0.00012506,0.56686502612961,26.4355407930247,21.4090692449105
77,,35,581.818181818182,294.08,-5.92000000000002,,40,1.95,14.094,2.5E-05,0.00013149,0.56632849486404,26.1434799841459,21.2299896720888
76,,36,592.727272727273,293.99,-6.00999999999999,,40.77,1.91,14.422,2.6E-05,0.00013776,0.56217476147837,25.8689890193109,21.0723827657157
75,,37,603.636363636364,294.47,-5.52999999999997,,41.31,1.89,15.4163333333333,2.68E-05,0.00014309,0.55788751291166,25.663134819145,20.9422878228782
74,,38,614.545454545455,295.27,-4.73000000000002,,41.45,1.92,16.411,2.75E-05,0.00014676,0.55814382099101,25.4600787683494,20.8492410303588
73,,39,625.454545454545,296.1,-3.89999999999998,,41.56,1.93,15.739,2.8E-05,0.00014846,0.5617844392054,25.350454788657,20.7930153321976
72,,40,636.363636363636,296.84,-3.16000000000003,,41.61,1.97,15.7333333333333,2.83E-05,0.00014842,0.5679565843546,25.4039688164422,20.7580530722293
71,,41,647.272727272727,297.37,-2.63,,41.84,1.98,15.7276666666667,2.85E-05,0.00014676,0.57843995993614,25.5108467459762,20.7540786191473
70,,42,658.181818181818,297.44,-2.56,,42.11,2.03,15.389,2.82E-05,0.00014367,0.58466102954515,25.8345120226308,20.7951257999474
69,,43,669.090909090909,296.94,-3.06,,42.41,2.05,15.05,2.76E-05,0.00013942,0.58966470595179,26.2299750800997,20.8907235064545
68,,44,680,295.96,-4.04000000000002,,42.67,2.04,13.378,2.67E-05,0.00013472,0.59033742642051,26.5887156644395,21.0091287337763
67,,45,690.909090909091,295.02,-4.98000000000002,,42.8,2,12.3723333333333,2.58E-05,0.00013137,0.58498487379876,26.9916855631141,21.1460058606192
66,,46,701.818181818182,294.39,-5.61000000000001,,42.84,1.99,12.0333333333333,2.53E-05,0.0001306,0.5770301086918,27.1025491340728,21.2581296254766
65,,47,712.727272727273,294.91,-5.08999999999997,,42.71,1.97,12.6946666666667,2.51E-05,0.00013145,0.56876683092303,26.9922983380624,21.3443854010882
64,,48,723.636363636364,295.36,-4.63999999999999,,42.76,1.96,13.3556666666667,2.5E-05,0.00013233,0.56273357356362,26.8686868686869,21.4189039623059
63,,49,734.545454545455,296,-4,,42.68,1.97,13.3503333333333,2.49E-05,0.00013268,0.55900412763427,26.6231913592827,21.4888509885667
62,,50,745.454545454545,296.96,-3.04000000000002,,42.51,1.95,14.0113333333333,2.47E-05,0.00013259,0.55489053008671,26.4841498559078,21.5621339243312
61,,51,756.363636363636,297.88,-2.12,,42.47,1.96,13.339,2.45E-05,0.00013223,0.55189596244332,26.4868204283361,21.6417530691432
60,,52,767.272727272727,298.48,-1.51999999999998,,42.76,1.95,13.3336666666667,2.44E-05,0.00013165,0.55206484602143,26.530612244898,21.7255391309912
59,,53,778.181818181818,298.03,-1.97000000000003,,43.12,2.01,13.3283333333333,2.43E-05,0.00013076,0.55354443899941,26.5882829920941,21.8173024215652
58,,54,789.090909090909,297.09,-2.91000000000003,,43.54,2.02,13.9893333333333,2.41E-05,0.00012965,0.55368868934242,26.6680344686089,21.904296875
57,,55,800,296.26,-3.74000000000001,,43.68,2.06,13.6506666666667,2.4E-05,0.0001286,0.55589325379538,26.6541900603036,21.975884614121
56,,56,810.909090909091,296.62,-3.38,,43.63,2.06,13.3116666666667,2.4E-05,0.00012798,0.55858628252919,26.6321243523316,22.0224719101124
55,,57,821.818181818182,297.78,-2.22000000000003,,43.61,2.06,14.3063333333333,2.4E-05,0.00012798,0.55858628252919,26.5803438760348,22.0371779181689
54,,58,832.727272727273,299.45,-0.55000000000001,,43.65,2.03,14.2255,2.41E-05,0.00012848,0.55873084194618,26.525459991442,22.0284169578691
53,,59,843.636363636364,300.9,0.89999999999998,,43.77,1.97,13.9616666666667,2.41E-05,0.00012932,0.55510159738049,26.564786913474,21.9980340760157
52,,60,854.545454545455,301.73,1.73000000000002,,43.78,1.98,13.623,2.41E-05,0.00013031,0.55088434174848,26.5506872852234,21.9559210740175
51,,61,865.454545454545,302.44,2.44,,43.85,1.96,14.2135,2.41E-05,0.00013121,0.54710569753254,26.4962726304579,21.9079732825659
50,,62,876.363636363636,302.81,2.81,,43.78,1.98,14.2786666666667,2.41E-05,0.00013155,0.54569166532303,26.4345991561181,21.8745377962123
49,,63,887.272727272727,303.24,3.24000000000001,,43.71,1.88,14.273,2.41E-05,0.00013107,0.54769007837983,26.2913201108978,21.8667784369358
48,,64,898.181818181818,303.8,3.80000000000001,,43.73,1.8,13.9343333333333,2.4E-05,0.00012998,0.54999132511222,26.3707793586749,21.8795673779597
47,,65,909.090909090909,305.16,5.16000000000003,,43.64,1.71,13.929,2.4E-05,0.00012863,0.55576360443199,26.51671221358,21.8982194969997
46,,66,920,307.52,7.51999999999998,,43.75,1.53,13.2566666666667,2.41E-05,0.00012706,0.56497511863092,26.6399662731872,21.9223623092236
45,,67,930.909090909091,309.95,9.94999999999999,,43.74,1.38,13.9176666666667,2.42E-05,0.00012518,0.57583962860204,26.788290199406,21.9502256348084
44,,68,941.818181818182,311.94,11.94,,43.74,1.26,13.2456666666667,2.42E-05,0.00012288,0.58661787685875,27.0287539936102,21.991281065495
43,,69,952.727272727273,312.59,12.59,,44.03,1.17,12.9066666666667,2.43E-05,0.00012057,0.60032736869505,27.1352502662407,22.0369461581604
42,,70,963.636363636364,312.59,12.59,,44.53,1.18,13.2346666666667,2.43E-05,0.00011878,0.60937422835126,27.3498082658713,22.0893818882191
41,,71,974.545454545455,312.32,12.32,,45.13,1.23,12.5623333333333,2.45E-05,0.00011783,0.61934314787304,27.3749465583583,22.1482574884793
40,,72,985.454545454545,311.8,11.8,,45.74,1.31,12.8903333333333,2.47E-05,0.0001177,0.62508866086828,27.4485942089803,22.1977863503623
39,,73,996.363636363636,311.32,11.32,,46.17,1.37,13.218,2.49E-05,0.00011814,0.62780317974026,27.4035453597497,22.2336683417085
38,,74,1007.27272727273,311.46,11.46,,45.84,1.41,12.8793333333333,2.51E-05,0.00011914,0.62753399299003,27.3407775020678,22.2635543238826
37,,75,1018.18181818182,312.38,12.38,,45.4,1.37,12.8736666666667,2.56E-05,0.00012102,0.63009197323273,27.2115384615385,22.2854946897708
36,,76,1029.09090909091,313.16,13.16,,45.36,1.35,12.8683333333333,2.63E-05,0.00012385,0.63252962088604,27.2518365040497,22.3309705561614
35,,77,1040,313.52,13.52,,45.73,1.4,13.5293333333333,2.72E-05,0.00012707,0.63759808580439,27.226738934056,22.3738162485463
34,,78,1048.85714285714,312.96,12.96,,47.09,1.47,14.1906666666667,2.81E-05,0.00012979,0.64489085429997,27.2340425531915,22.416636787379
33,,79,1057.71428571429,311.39,11.39,,48.94,1.57,14.185,2.88E-05,0.00013151,0.65231120770819,27.1286472148541,22.4570159057248
32,,80,1066.57142857143,309.42,9.42000000000002,,50.7,1.66,14.8463333333333,2.9E-05,0.00013226,0.65311643124165,27.1156710243257,22.4838130649401
31,,81,1075.42857142857,307.88,7.88,,51.9,1.75,14.5073333333333,2.88E-05,0.00013227,0.64856314300827,27.1355759429154,22.5173210161663
30,,82,1084.28571428571,306.64,6.63999999999999,,52.34,1.89,14.5016666666667,2.83E-05,0.00013185,0.63933345657876,27.2794246623399,22.5569261489903
29,,83,1093.14285714286,306.35,6.35000000000002,,52.03,2.05,14.163,2.77E-05,0.00013105,0.62959877481082,27.4792243767313,22.6051701209821
28,,84,1102,306.52,6.51999999999998,,51.85,2.13,13.8243333333333,2.73E-05,0.0001299,0.62600042261989,27.6981562440601,22.64486103828
27,,85,1110.85714285714,307.22,7.22000000000003,,52.02,2.12,13.4853333333333,2.71E-05,0.00012846,0.62838021662779,27.8931982069772,22.6724195154331
26,,86,1119.71428571429,308.74,8.74000000000001,,52.46,1.94,13.813,2.7E-05,0.00012688,0.63385763314035,28.0676898858717,22.6771945183339
25,,87,1128.57142857143,311.45,11.45,,52.66,1.71,13.141,2.7E-05,0.00012533,0.64169677246347,28.062930186824,22.6660069610319
,,,,,,,,,,,,,,
85,MS06,88,1137.42857142857,229.98,9.97999999999999,-220,51.11,1.3,16.801,4.53E-05,0.000146,0.64169677246347,29.2073170731707,25.1092904002063
84,,89,1146.28571428571,231.26,11.26,,51.67,1.2,16.8073333333333,4.49E-05,0.00014456,0.64151960679373,29.2073170731707,25.1198288572172
83,,90,1155.14285714286,232.35,12.35,,52.25,1.1,16.8136666666667,4.45E-05,0.00014307,0.64213792522689,29.320987654321,25.1489374141308
82,,91,1164,232.99,12.99,,52.71,1.03,16.153,4.42E-05,0.00014181,0.64445135514073,29.2682926829268,25.205252573051
81,,92,1172.85714285714,232.96,12.96,,53.02,0.96,16.1593333333333,4.38E-05,0.00014104,0.64429342965164,29.3827160493827,25.2817385585747
80,,93,1181.71428571429,231.82,11.82,,53.16,0.97,15.8323333333333,4.36E-05,0.0001407,0.64485287293219,29.3827160493827,25.3707161356381
79,,94,1190.57142857143,229.89,9.88999999999999,,53.02,1.03,15.8386666666667,4.34E-05,0.00014054,0.64344596402142,29.3827160493827,25.4720634056327
78,,95,1199.42857142857,227.93,7.93000000000001,,52.71,1.11,16.178,4.34E-05,0.00014031,0.644178505321,29.5,25.5872447586395
77,,96,1208.28571428571,226.37,6.37,,52.24,1.15,15.851,4.37E-05,0.00013992,0.6496946064331,29.5625,25.7140683021854
76,,97,1217.14285714286,225.42,5.41999999999999,,51.83,1.18,16.1906666666667,4.41E-05,0.00013941,0.65746894189332,29.6913580246914,25.8393714268244
75,,98,1226,225.11,5.11000000000001,,51.5,1.17,15.8633333333333,4.46E-05,0.00013888,0.6673557097846,29.8765432098765,25.9502227684744
74,,99,1234.85714285714,225.48,5.47999999999999,,51.18,1.15,15.8696666666667,4.52E-05,0.00013839,0.67891464345262,30.1694915254237,26.035760607745
73,,100,1243.71428571429,226.33,6.33000000000001,,51,1.2,15.876,4.6E-05,0.00013801,0.69337722324497,30.1694915254237,26.0967211589168
72,,101,1252.57142857143,227.5,7.5,,50.98,1.18,15.882,4.67E-05,0.00013792,0.70586682948171,30.4166666666667,26.1433372751603
71,,102,1261.42857142857,228.71,8.71000000000001,,50.97,1.2,15.555,4.75E-05,0.00013822,0.71842727217911,30.7258064516129,26.1765164023801
70,,103,1270.28571428571,229.96,9.96000000000001,,51.11,1.12,15.228,4.82E-05,0.00013888,0.7274323295532,30.952380952381,26.2035164151237
69,,104,1279.14285714286,231.29,11.29,,51.31,1.05,15.5676666666667,4.89E-05,0.00013972,0.73448951470869,31.031746031746,26.2234834387793
68,,105,1288,232.71,12.71,,51.7,1.04,15.574,4.95E-05,0.00014051,0.73903170615783,31.171875,26.2320138331378
67,,106,1296.85714285714,234.03,14.03,,51.96,1.01,15.9133333333333,5E-05,0.00014122,0.74229958818397,31.2307692307692,26.2362417758101
66,,107,1305.71428571429,235.26,15.26,,51.81,1.04,15.5863333333333,5.06E-05,0.00014188,0.74743040162412,31.3636363636364,26.238248354004
65,,108,1314.57142857143,236.48,16.48,,51.61,1.02,15.5923333333333,5.14E-05,0.0001423,0.75571560163187,31.3235294117647,26.2377537005951
64,,109,1323.42857142857,237.61,17.61,,51.57,1,15.932,5.2E-05,0.00014204,0.76228064470245,31.1764705882353,26.2238528758031
63,,110,1332.28571428571,238.68,18.68,,51.95,1.03,15.605,5.21E-05,0.00014077,0.76514458442291,30.9558823529412,26.1843629932305
62,,111,1341.14285714286,239.33,19.33,,52.78,1.04,15.9443333333333,5.1E-05,0.00013859,0.75574714384062,30.8823529411765,26.1129037214591
61,,112,1350,239.81,19.81,,54.07,1.03,15.9506666666667,4.89E-05,0.00013595,0.73602643627061,30.6923076923077,26.01246105919
60,,113,1352.97297297297,239.68,19.68,,55.63,1.08,15.6236666666667,4.63E-05,0.00013344,0.710424987243,30.4098360655738,25.8849431368201
59,,114,1355.94594594595,238.88,18.88,,57.1,1.08,15.2963333333333,4.37E-05,0.00013155,0.68314336202509,30.0877192982456,25.7411931087683
58,,115,1358.91891891892,236.87,16.87,,58.03,1,14.636,4.15E-05,0.00013095,0.65807242540977,29.9342105263158,25.6075797397709
57,,116,1361.89189189189,233.77,13.77,,57.77,0.99,14.642,4.02E-05,0.00013204,0.64037887872567,29.7297297297297,25.4979226175019
56,,117,1364.86486486487,230.78,10.78,,56.24,0.98,14.315,4.02E-05,0.00013485,0.63509250355291,29.4666666666667,25.398235765838
55,,118,1367.83783783784,228.61,8.61000000000001,,54,1.04,14.988,4.15E-05,0.00013883,0.64196831711276,29.2763157894737,25.3007860207309
54,,119,1370.81081081081,227.48,7.47999999999999,,51.99,1.05,15.3273333333333,4.35E-05,0.00014326,0.65361555980757,28.9375,25.2140408361397
53,,120,1373.78378378378,227.22,7.22,,50.96,1.11,16.3336666666667,4.56E-05,0.0001475,0.6639820592195,28.6746987951807,25.139920716488
52,,121,1376.75675675676,227.21,7.21000000000001,,50.71,1.12,17.0066666666667,4.71E-05,0.00015105,0.66610905259564,28.4302325581395,25.0702379256304
51,,122,1379.72972972973,227.71,7.71000000000001,,50.98,1.15,17.6793333333333,4.81E-05,0.0001539,0.66426412155294,28.2386363636364,25.0083453877824
50,,123,1382.7027027027,228.34,8.34,,51.31,1.09,18.019,4.89E-05,0.00015601,0.66280639248046,28.1460674157303,24.9501733693723
49,,124,1385.67567567568,228.94,8.94,,51.24,1.02,18.6916666666667,4.98E-05,0.00015755,0.66587598920061,28.1111111111111,24.9030485834321
48,,125,1388.64864864865,229.44,9.44,,50.85,0.96,18.698,5.09E-05,0.00015864,0.67393160525657,28.1182795698925,24.8652107831373
47,,126,1391.62162162162,229.7,9.69999999999999,,50.3,0.94,18.371,5.22E-05,0.00015945,0.68639522063604,28.1052631578947,24.8317670416942
46,,127,1394.59459459459,229.7,9.69999999999999,,49.8,0.87,18.7106666666667,5.33E-05,0.00016017,0.69729914791275,28.1122448979592,24.7895512179723
45,,128,1397.56756756757,229.47,9.47,,49.53,0.87,19.05,5.42E-05,0.00016087,0.70588598618425,28.1,24.7244217953744
44,,129,1400.54054054054,228.96,8.96000000000001,,49.55,0.87,18.3896666666667,5.46E-05,0.0001614,0.70800125895578,27.9207920792079,24.6367221962738
43,,130,1403.51351351351,228.5,8.5,,49.83,0.88,19.0626666666667,5.45E-05,0.00016143,0.7043839002351,27.7722772277228,24.5335878650294
42,,131,1406.48648648649,228.08,8.08000000000001,,50.07,0.87,18.402,5.4E-05,0.00016087,0.69779196151018,27.5247524752475,24.4392968367951
41,,132,1409.45945945946,227.96,7.96000000000001,,50.2,0.89,18.7416666666667,5.32E-05,0.0001598,0.68984738052102,27.3737373737374,24.3686165273909
40,,133,1412.43243243243,228.03,8.03,,50.13,0.93,18.7476666666667,5.23E-05,0.00015822,0.68271801521886,27.1938775510204,24.3229072031149
39,,134,1415.40540540541,228.11,8.11000000000001,,49.94,0.92,18.0873333333333,5.14E-05,0.00015626,0.67766988724264,27.0833333333333,24.3008046971246
38,,135,1418.37837837838,228.05,8.05000000000001,,49.65,0.92,18.0936666666667,5.04E-05,0.00015415,0.67282042273656,27.0967741935484,24.2951167728238
37,,136,1421.35135135135,227.73,7.72999999999999,,49.24,0.88,18.0996666666667,4.95E-05,0.0001522,0.669850859451,27.0108695652174,24.2955150797708
36,,137,1424.32432432432,227.41,7.41,,48.73,0.99,17.7726666666667,4.88E-05,0.00015071,0.66883904581125,27,24.3059528674567
35,,138,1427.2972972973,227.32,7.31999999999999,,48.42,0.92,18.1123333333333,4.82E-05,0.00014963,0.66714681567808,26.9662921348315,24.3205900971569
34,,139,1430.27027027027,227.45,7.44999999999999,,48.32,0.89,18.1183333333333,4.78E-05,0.00014882,0.66638570119466,26.9318181818182,24.3360230707373
33,,140,1433.24324324324,227.71,7.71000000000001,,48.52,0.87,17.7913333333333,4.74E-05,0.00014841,0.66440591552662,26.8965517241379,24.356449453247
32,,141,1436.21621621622,227.86,7.86000000000001,,48.76,0.89,17.464,4.7E-05,0.0001487,0.66061912423412,26.8965517241379,24.3775370230397
31,,142,1439.18918918919,227.96,7.96000000000001,,49.01,0.88,17.4703333333333,4.67E-05,0.00014998,0.65512226722778,26.8390804597701,24.3933463796478
30,,143,1442.16216216216,227.98,7.97999999999999,,49.07,0.9,17.4766666666667,4.66E-05,0.00015251,0.64814028608148,26.8604651162791,24.393095614108
29,,144,1445.13513513514,228.08,8.08000000000001,,48.92,0.87,17.4826666666667,4.7E-05,0.00015664,0.64285938120507,26.8965517241379,24.365388279485
28,,145,1448.10810810811,228.35,8.34999999999999,,48.25,0.88,17.489,4.83E-05,0.0001626,0.64322202260671,26.9101123595506,24.2993672729198
27,,146,1451.08108108108,228.95,8.94999999999999,,47.15,0.92,18.162,5.08E-05,0.00016998,0.65171785595265,26.7741935483871,24.1795862349413
26,,147,1454.05405405405,229.64,9.63999999999999,,46.05,1.02,19.5013333333333,5.42E-05,0.00017691,0.66514741973839,26.5,24.0069009087816
25,,148,1457.02702702703,230.64,10.64,,45.42,1.08,21.1743333333333,5.77E-05,0.00018105,0.68036173459178,26.214953271028,23.8569898481885
24,,149,1460,231.64,11.64,,45.42,1.05,22.1803333333333,6.01E-05,0.00018092,0.69245633357165,25.990990990991,23.7778484318579
23,,150,1462.97297297297,232.41,12.41,,46.07,0.97,22.8533333333333,6.06E-05,0.00017678,0.69871890528689,26.0714285714286,23.7778333750313
22,,151,1465.94594594595,232.78,12.78,,47.09,0.87,21.1926666666667,5.92E-05,0.00017047,0.69856211064998,26.2727272727273,23.8606974464311
21,,152,1468.91891891892,232.73,12.73,,48.21,0.87,20.199,5.66E-05,0.00016387,0.69260387829909,26.6666666666667,24.0040344140378
20,,153,1471.89189189189,232.31,12.31,,49.33,0.75,18.872,5.36E-05,0.0001579,0.6823100764356,27.1428571428571,24.1690991699876
19,,154,1474.86486486487,231.9,11.9,,50.09,0.79,18.2116666666667,5.11E-05,0.00015321,0.6750799649697,27.5806451612903,24.323502182251
18,,155,1477.83783783784,231.96,11.96,,50.36,0.79,17.2176666666667,4.94E-05,0.00015008,0.67259910550291,28,24.4654380400306
17,,156,1480.81081081081,232.49,12.49,,50.32,0.79,16.8906666666667,4.87E-05,0.00014825,0.6768969998814,28.3522727272727,24.5932572962093
16,,157,1483.78378378378,233.24,13.24,,49.95,0.79,16.5633333333333,4.89E-05,0.00014721,0.68806680474026,28.5795454545454,24.6980987731278
15,,158,1486.75675675676,234.17,14.17,,49.68,0.67,16.903,4.96E-05,0.00014657,0.70284702815463,28.7640449438202,24.7894571338727
14,,159,1489.72972972973,234.94,14.94,,49.7,0.79,16.9093333333333,5.03E-05,0.00014612,0.71587854422149,28.8461538461539,24.8692274492879
13,,160,1492.7027027027,235.34,15.34,,49.92,0.84,16.582,5.08E-05,0.00014575,0.72522121118191,28.8172043010753,24.931867496022
12,,161,1495.67567567568,235.2,15.2,,50.13,0.94,16.5883333333333,5.12E-05,0.0001455,0.73278715265171,28.8172043010753,24.9922958397535
11,,162,1498.64864864865,234.83,14.83,,50.33,0.87,16.9276666666667,5.16E-05,0.0001453,0.73978097333383,28.8297872340426,25.0548841011269
10,,163,1501.62162162162,234.32,14.32,,50.33,0.86,16.6006666666667,5.22E-05,0.00014397,0.74941319891054,28.8659793814433,25.1261316691571
,,164,,,,,,,,,,,,
,,165,,,,,,,,,,,,
,,166,,,,,,,,,,,,
,,167,,,,,,,,,,,,
,,168,,,,,,,,,,,,
,,169,,,,,,,,,,,,
,,170,,,,,,,,,,,,
,,171,,,,,,,,,,,,
,,172,,,,,,,,,,,,
,,,,,,,,,,,,,,
,,174,,,,,,,,,,,,
,,175,,,,,,,,,,,,
,,176,,,,,,,,,,,,
,,177,,,,,,,,,,,,
,,178,,,,,,,,,,,,
,,179,,,,,,,,,,,,
,,180,,,,,,,,,,,,
92,,181,1555.13513513514,115.99,20.99,,46.79,1.8,17.604,5.0438E-05,0.00014431,0.73080633221031,29.3666936322663,25.7489964081978
91,,182,1558.10810810811,117.09,22.09,-95,47.26,1.74,17.5363333333333,4.9439E-05,0.00014347,0.71464391487705,29.1395759717314,25.6529850746269
90,,183,1561.08108108108,118.35,23.35,,47.43,1.68,17.4686666666667,4.8336E-05,0.00014172,0.7027907854744,28.9650618321527,25.5680958576659
89,,184,1564.05405405405,119.48,24.48,,47.4,1.65,17.4006666666667,4.7222E-05,0.00013955,0.69507182130108,28.8115304751435,25.4884802496711
88,,185,1567.02702702703,120.49,25.49,,47.25,1.55,17.333,4.615E-05,0.00013744,0.68985578982643,28.6818238290471,25.3874080739752
87,,186,1570,121.36,26.36,,47.14,1.56,17.2653333333333,4.5178E-05,0.00013599,0.68569392793975,28.5307877102036,25.2604445003301
86,,187,1572.97297297297,122.19,27.19,,46.95,1.53,16.5306666666667,4.4353E-05,0.00013438,0.68035013571807,28.3121468926554,25.0404877584072
85,,188,1575.94594594595,123.05,28.05,,46.78,1.56,17.1296666666667,4.3703E-05,0.00013343,0.67841128337205,28.0386920270974,24.8863563812807
84,,189,1578.91891891892,123.92,28.92,,46.61,1.5,16.7286666666667,4.324E-05,0.00013283,0.67600303896709,27.760663507109,24.6872198745038
83,,190,1581.89189189189,124.76,29.76,,46.35,1.49,16.661,4.2991E-05,0.0001326,0.67514619381166,27.5158940397351,24.5130078175061
82,,191,1584.86486486487,125.2,30.2,,46.1,1.49,16.593,4.2915E-05,0.00013282,0.67512166018851,27.3140167086593,24.3776988772671
81,,192,1587.83783783784,125.28,30.28,,45.81,1.46,16.525,4.2947E-05,0.00013353,0.67450598155913,27.1448394343862,24.2611049195988
80,,193,1590.81081081081,125.01,30.01,,45.64,1.47,16.4576666666667,4.3109E-05,0.00013473,0.67345029686006,26.9958010759743,24.1519507186858
79,,194,1593.78378378378,124.59,29.59,,45.37,1.47,16.39,4.3452E-05,0.00013638,0.67276270818344,26.8477836994671,24.0336790802299
78,,195,1596.75675675676,124.05,29.05,,45.1,1.47,16.9876666666667,4.3952E-05,0.00013827,0.67227104285754,26.684670781893,23.8964879852126
77,,196,1599.72972972973,123.5,28.5,,45,1.52,17.586,4.4516E-05,0.00013996,0.67159061716672,26.495857233907,23.7483327270523
76,,197,1602.7027027027,123,28,,45.02,1.54,17.185,4.4958E-05,0.00014101,0.67006895676938,26.3167914709989,23.6059501762351
75,,198,1605.67567567568,122.43,27.43,,45.16,1.55,17.4503333333333,4.5126E-05,0.00014113,0.66756471824905,26.1867753853994,23.4876360624704
74,,199,1608.64864864865,121.78,26.78,,45.48,1.59,17.3826666666667,4.494E-05,0.00014028,0.66424787787142,26.1277856498776,23.404173676909
73,,200,1611.62162162162,121.23,26.23,,46,1.6,17.314,4.4422E-05,0.0001385,0.66056992919295,26.1290322580645,23.3538269624877
72,,201,1614.59459459459,121.1,26.1,,46.67,1.55,17.2463333333333,4.3604E-05,0.00013599,0.65673930136872,26.2381143698942,23.3473861720067
71,,202,1617.56756756757,121.24,26.24,,47.27,1.46,16.5123333333333,4.2717E-05,0.00013311,0.65525481359702,26.4314020224105,23.3995334274664
70,,203,1620.54054054054,121.5,26.5,,47.62,1.42,16.1116666666667,4.1951E-05,0.00013029,0.65742782818105,26.7311157311157,23.5059748427673
69,,204,1623.51351351351,121.73,26.73,,47.57,1.34,15.377,4.1512E-05,0.00012785,0.6646285953357,27.0912388392857,23.6566659147304
68,,205,1626.48648648649,121.65,26.65,,47.3,1.31,15.9763333333333,4.1417E-05,0.00012586,0.67576291519382,27.4609919197548,23.8302359298801
67,,206,1629.45945945946,121.23,26.23,,47,1.34,14.9086666666667,4.1503E-05,0.00012433,0.68787291906534,27.7977263274643,24.0073887489505
66,,207,1632.43243243243,120.62,25.62,,46.92,1.34,15.5073333333333,4.1548E-05,0.0001233,0.69709286622043,28.0847247136746,24.1818987859774
65,,208,1635.40540540541,120.24,25.24,,47.08,1.37,15.44,4.1429E-05,0.00012285,0.70090284534601,28.3282779539501,24.3621129577271
64,,209,1638.37837837838,120.11,25.11,,47.25,1.33,15.039,4.1256E-05,0.00012308,0.70053269066987,28.5459817729909,24.5572564129265
63,,210,1641.35135135135,120.3,25.3,,47.32,1.31,14.6376666666667,4.128E-05,0.00012406,0.69963036477135,28.7477613996418,24.7542464135607
62,,211,1644.32432432432,120.58,25.58,,47.08,1.33,14.9036666666667,4.1703E-05,0.00012558,0.7012162474134,28.9210741548528,24.9200152022942
61,,212,1647.2972972973,120.89,25.89,,46.63,1.31,15.503,4.2528E-05,0.00012743,0.70643292047974,29.0941980436822,25.0518001846343
60,,213,1650.27027027027,121.09,26.09,,46.12,1.26,15.102,4.3546E-05,0.00012919,0.71284159650011,29.2749244712991,25.1572942685479
59,,214,1653.24324324324,121.41,26.41,,45.7,1.23,15.7013333333333,4.4472E-05,0.0001305,0.71808228332164,29.4449475999483,25.25
58,,215,1656.21621621622,121.73,26.73,,45.29,1.26,15.6336666666667,4.5094E-05,0.00013121,0.72081646429588,29.6462112440499,25.3402293532503
57,,216,1659.18918918919,121.83,26.83,,44.9,1.32,15.232,4.5411E-05,0.0001314,0.72195574923079,29.8336971876204,25.4250798774663
56,,217,1662.16216216216,121.2,26.2,,44.54,1.35,16.165,4.551E-05,0.0001312,0.72248347699042,29.9948685054522,25.501220075183
55,,218,1665.13513513514,120.05,25.05,,44.25,1.38,15.4306666666667,4.5473E-05,0.00013075,0.72299654340961,30.1514644351464,25.5808716386276
54,,219,1668.10810810811,118.73,23.73,,44.1,1.38,16.0293333333333,4.5323E-05,0.0001302,0.72309173957884,30.2781535339872,25.6630764613692
53,,220,1671.08108108108,117.58,22.58,,43.95,1.36,15.9616666666667,4.5042E-05,0.00012971,0.7216442093308,30.40212183436,25.7490504520856
52,,221,1674.05405405405,117.02,22.02,,43.95,1.38,15.8943333333333,4.4606E-05,0.00012923,0.71735853490777,30.4903829492289,25.8340105648111
51,,222,1677.02702702703,116.83,21.83,,44.02,1.32,16.1596666666667,4.3987E-05,0.00012859,0.71003122483562,30.4939249867935,25.9183882184496
50,,223,1680,116.43,21.43,,44.36,1.4,16.092,4.3101E-05,0.00012771,0.69919223934444,30.379963898917,26.0042602899746
49,,224,1687.44186046512,116.15,21.15,,44.85,1.42,16.024,4.2008E-05,0.00012674,0.68615708085846,30.1685077700805,26.1050001734966
48,,225,1694.88372093023,116.13,21.13,,45.24,1.42,16.623,4.0854E-05,0.00012589,0.67241490379598,29.9709090909091,26.2300891165532
47,,226,1702.32558139535,116.41,21.41,,45.43,1.47,16.5556666666667,3.9917E-05,0.00012535,0.66142881287996,29.900195107309,26.3869686979333
46,,227,1709.76744186047,117,22,,45.34,1.44,16.488,3.9319E-05,0.000125,0.65432659826434,29.9012402388608,26.5559246954596
45,,228,1717.20930232558,117.63,22.63,,45.32,1.4,16.4206666666667,3.8891E-05,0.00012466,0.64901621346299,29.929391682185,26.7139726224266
44,,229,1724.6511627907,118.32,23.32,,45.56,1.29,17.0196666666667,3.8361E-05,0.00012439,0.64191754550324,29.9439444181273,26.8387026870847
43,,230,1732.09302325581,118.7,23.7,,46.26,1.11,15.2853333333333,3.7765E-05,0.00012453,0.6333160148084,29.9444265463917,26.9160200159547
42,,231,1739.53488372093,118.34,23.34,,47,1.03,16.8836666666667,3.7508E-05,0.00012538,0.62829899971267,29.9512036434613,26.9598955689318
41,,232,1746.97674418605,117.2,22.2,,47.38,0.87,16.4823333333333,3.7887E-05,0.0001267,0.63034512951785,29.9831108251568,26.9798464145365
40,,233,1754.41860465116,115.49,20.49,,47.26,0.86,17.082,3.8827E-05,0.00012805,0.6392543174704,30.0131712259372,26.9830967833963
39,,234,1761.86046511628,113.52,18.52,,46.84,0.91,17.681,3.998E-05,0.00012926,0.65129786725911,30.0276679841897,26.9655148071018
38,,235,1769.3023255814,111.62,16.62,,46.36,0.94,17.947,4.1011E-05,0.00013037,0.66183945941999,30.0203883495146,26.9307415306087
37,,236,1776.74418604651,109.72,14.72,,46.05,0.94,17.5463333333333,4.1798E-05,0.00013148,0.66879695200479,30.0288129081829,26.8721216108591
36,,237,1784.18604651163,107.9,12.9,,45.83,0.95,17.4786666666667,4.232E-05,0.0001327,0.6714325829851,30.0684540787222,26.7887613500086
35,,238,1791.62790697674,106.59,11.59,,45.6,0.99,17.4103333333333,4.2662E-05,0.00013412,0.67063580658937,30.1926313820834,26.6893539211703
34,,239,1799.06976744186,105.89,10.89,,45.11,1,17.6756666666667,4.3028E-05,0.00013595,0.66922793994336,30.383706128387,26.6004274931534
33,,240,1806.51162790698,105.75,10.75,,44.46,1.01,17.275,4.3589E-05,0.00013827,0.66882753280637,30.5756723501494,26.5315507670072
32,,241,1813.95348837209,106.21,11.21,,43.79,1.03,17.874,4.4366E-05,0.00014061,0.66932764222344,30.6793802145411,26.4738300889519
31,,242,1821.39534883721,107.02,12.02,,43.34,1,18.1403333333333,4.5204E-05,0.00014258,0.67062093538091,30.6605657237937,26.439626523184
30,,243,1828.83720930233,107.97,12.97,,42.92,1.06,18.7393333333333,4.5917E-05,0.00014401,0.67178661151456,30.5025581779171,26.4242046163444
29,,244,1836.27906976744,108.75,13.75,,42.63,1.01,19.0046666666667,4.6434E-05,0.00014484,0.67260469687,30.2420023205702,26.4157407407407
28,,245,1843.72093023256,108.95,13.95,,42.47,1.05,18.6036666666667,4.686E-05,0.00014514,0.67488568617237,29.9352267065271,26.4157596198068
27,,246,1851.16279069767,108.73,13.73,,42.36,1.05,18.5363333333333,4.7178E-05,0.00014506,0.67806114139086,29.7041640770665,26.4217770301269
26,,247,1858.60465116279,108.24,13.24,,42.25,1.06,18.8023333333333,4.7274E-05,0.00014471,0.67981560078953,29.5238688769787,26.4402057436777
25,,248,1866.04651162791,107.8,12.8,,42.24,1.03,19.068,4.7038E-05,0.00014411,0.67805785791645,29.4296529968454,26.4781459396324
24,,249,1873.48837209302,107.38,12.38,,42.4,1.03,19,4.6414E-05,0.00014329,0.67184846429946,29.404041704209,26.5377714533193
23,,250,1880.93023255814,107.62,12.62,,42.41,1.16,18.933,4.5527E-05,0.00014228,0.66278031301338,29.3916874917796,26.6176883481516
22,,251,1888.37209302326,107.79,12.79,,43.37,0.99,18.865,4.4603E-05,0.00014114,0.65393813278028,29.3890826180258,26.7125748502994
21,,252,1895.81395348837,107.93,12.93,,44.08,0.93,18.1306666666667,4.3866E-05,0.00013999,0.64832739080968,29.379151416565,26.8045412507574
20,,253,1903.25581395349,107.86,12.86,,44.59,0.89,18.0633333333333,4.3408E-05,0.00013889,0.64682859647286,29.3878105063119,26.8745762711864
19,,254,1910.6976744186,107.67,12.67,,44.82,0.82,17.6626666666667,4.3234E-05,0.00013785,0.64933810517361,29.3996222342148,26.9172785119922
18,,255,1918.13953488372,107.74,12.74,,44.79,0.74,17.5953333333333,4.3271E-05,0.00013682,0.65479689378863,29.3946488294314,26.9286514263127
17,,256,1925.58139534884,107.65,12.65,,44.74,0.79,17.528,4.336E-05,0.0001357,0.66108322413174,29.3913969902783,26.9085718079809
16,,257,1933.02325581395,107.53,12.53,,44.77,0.79,17.46,4.3348E-05,0.00013446,0.66635500812139,29.4035228182546,26.8595980874043
15,,258,1940.46511627907,107.34,12.34,,44.91,0.79,17.3923333333333,4.3175E-05,0.00013322,0.66981626371934,29.4020134228188,26.8084102702338
14,,259,1947.90697674419,107.34,12.34,,45.19,0.9,16.9916666666667,4.2878E-05,0.00013218,0.67140031346492,29.3536634732155,26.7712365043797
13,,260,1955.3488372093,107.66,12.66,,45.53,1.05,17.2573333333333,4.2587E-05,0.00013151,0.67209048843778,29.2513188150954,26.7527763540065
12,,261,1962.79069767442,107.74,12.74,,45.98,1.15,16.857,4.2426E-05,0.0001314,0.67296078703497,29.13984311604,26.7518611273114
11,,262,1970.23255813954,107.54,12.54,,46.45,1.1,17.1223333333333,4.2534E-05,0.0001319,0.67523867744035,29.0527594116853,26.766148674145
10,,263,1977.67441860465,106.96,11.96,,46.78,1.15,17.055,4.2984E-05,0.00013306,0.67979580630693,29.0091299677766,26.7973610446435
9,,264,1985.11627906977,106.39,11.39,,46.64,1.07,17.654,4.3792E-05,0.00013499,0.68653662390258,28.9350060056052,26.8302450281681
8,,265,1992.55813953488,105.9,10.9,,45.9,1,18.2533333333333,4.4968E-05,0.00013766,0.69489377948344,28.7261230404426,26.8623896330614
7,,266,2000,104.83,9.83,,44.69,1.03,19.854,4.6552E-05,0.00012013,0.70541879712313,28.3404310233579,26.8941923115063
,,267,,,,,,,,,,,,
,,268,,,,,,,,,,,,
,,269,,,,,,,,,,,,
,,270,,,,,,,,,,,,
,,271,,,,,,,,,,,,
,,272,,,,,,,,,,,,
,,273,,,,,,,,,,,,
,,,,,,,,,,,,,,
,,273.5,,,,,,,,,,,,
,,274.5,,,,,,,,,,,,
,,275.5,,,,,,,,,,,,
,,276.5,,,,,,,,,,,,
,,277.5,,,,,,,,,,,,
,,278.5,,,,,,,,,,,,
,,279.5,,,,,,,,,,,,
,,280.5,,,,,,,,,,,,
,,281.5,,,,,,,,,,,,
,,282.5,,,,,,,,,,,,
,,283.5,,,,,,,,,,,,
,,284.5,,,,,,,,,,,,
,,285.5,,,,,,,,,,,,
,,286.5,,,,,,,,,,,,
,,287.5,,,,,,,,,,,,
,,288.5,,,,,,,,,,,,
,,289.5,,,,,,,,,,,,
,,290.5,,,,,,,,,,,,
,,291.5,,,,,,,,,,,,
,,292.5,,,,,,,,,,,,
,,293.5,,,,,,,,,,,,
,,294.5,,,,,,,,,,,,
,,295.5,2070.8,230.06,10.06,-220,43.54,1.97,,,,,,
,,296.5,2073.2,229.82,9.81999999999999,,46.11,1.9,,,,,,
,,297.5,2075.6,228.91,8.91,,47.96,1.84,,,,,,
,,298.5,2078,227.94,7.94,,49.11,1.79,,,,,,
,,299.5,2080.4,227.46,7.46000000000001,,49.75,1.7,,,,,,
,,300.5,2082.8,227.48,7.47999999999999,,50.13,1.5,,,,,,
,,301.5,2085.2,227.72,7.72,,50.17,1.25,,,,,,
,,302.5,2087.6,228.2,8.19999999999999,,49.67,0.98,,,,,,
,,303.5,2090,228.61,8.61000000000001,,48.94,0.79,,,,,,
69,,304.5,2092.4,229.2,9.19999999999999,,48.01,0.73,18.786,4.2277E-05,0.0001226,0.73412351259356,29.6114649681529,27.0052340135022
68,,305.5,2094.8,230.24,10.24,,47.02,0.84,22.1223333333333,4.4264E-05,0.00012544,0.75314159901598,28.9283699943598,26.946948811564
67,,306.5,2097.2,231.06,11.06,,46.25,0.98,22.7923333333333,4.6194E-05,0.00012734,0.76818526724807,28.4886649874055,26.9005399883246
66,,307.5,2099.6,231.39,11.39,,45.76,0.97,23.1286666666667,4.7539E-05,0.00012797,0.77875642987866,28.3750684181719,26.8614213380256
65,,308.5,2102,231.06,11.06,,45.62,0.98,23.1316666666667,4.8038E-05,0.00012712,0.7830566767352,28.5329261816251,26.7923183810169
64,,309.5,2104.4,229.94,9.94,,45.72,0.95,21.8013333333333,4.7765E-05,0.0001252,0.7838127919223,28.7496782496783,26.6847244992515
63,,310.5,2106.8,228.71,8.71000000000001,,46.02,0.88,16.1376666666667,4.715E-05,0.00012348,0.78558614834659,28.8541140837961,26.5241102181401
62,,311.5,2109.2,227.5,7.5,,46.29,0.82,16.1406666666667,4.6778E-05,0.00012318,0.7902444925525,28.744243932794,26.3397042913812
61,,312.5,2111.6,226.55,6.55000000000001,,46.19,0.83,17.144,4.7026E-05,0.00012418,0.79636889507596,28.3969279531879,26.1758581071377
60,,313.5,2114,225.93,5.93000000000001,,45.94,1,19.147,4.7591E-05,0.00012496,0.79944690221042,27.9927441417866,26.0325295642601
59,,314.5,2116.4,225.54,5.53999999999999,,45.89,1.04,20.8166666666667,4.7764E-05,0.00012413,0.79734471910099,27.7766032417195,25.8838668735016
58,,315.5,2118.8,225.46,5.46000000000001,,45.99,0.93,18.4863333333333,4.7182E-05,0.00012194,0.79289565860533,27.8268050967437,25.6986049146661
57,,316.5,2121.78343949045,225.75,5.75,,46.11,0.79,16.1563333333333,4.5953E-05,0.00011946,0.7861114600676,28.0804972242336,25.4732347876005
56,,317.5,2125.35031847134,226.46,6.46000000000001,,46.07,0.78,14.4926666666667,4.4605E-05,0.00011738,0.77889242886811,28.3683815245963,25.2849609019822
55,,318.5,2128.91719745223,227.27,7.27000000000001,,45.69,0.94,13.829,4.3585E-05,0.00011567,0.77456772059819,28.5371376811594,25.1325416375602
54,,319.5,2132.48407643312,228.05,8.05000000000001,,45.05,1.1,14.1653333333333,4.2844E-05,0.00011432,0.77265518638803,28.5767392458842,25.0354715299187
53,,320.5,2136.05095541401,228.62,8.62,,44.5,1.18,14.1686666666667,4.2187E-05,0.00011348,0.76979108328044,28.5589312355893,24.9947573397244
52,,321.5,2139.6178343949,228.59,8.59,,43.9,1.21,14.1716666666667,4.1707E-05,0.00011323,0.76666577101972,28.5144078312422,24.9830546769092
51,,322.5,2143.1847133758,228.16,8.16,,43.26,1.21,14.1746666666667,4.1534E-05,0.00011343,0.76517134958004,28.4673052894627,24.9900041492211
50,,323.5,2146.75159235669,227.44,7.44,,42.63,1.2,14.1776666666667,4.1644E-05,0.00011375,0.76584512956225,28.4626019632241,25.0137502354492
49,,324.5,2150.31847133758,226.79,6.78999999999999,,42.09,1.15,14.5143333333333,4.1938E-05,0.0001139,0.76908219846369,28.5191756516992,25.0528255066361
48,,325.5,2153.88535031847,226.43,6.43000000000001,,41.64,1.09,14.184,4.2275E-05,0.00011378,0.77424131296979,28.6371574422354,25.0971402803352
47,,326.5,2157.45222929936,226.36,6.36000000000001,,41.4,1.04,14.5203333333333,4.2544E-05,0.00011346,0.77998964948752,28.7700463883366,25.1450174923823
46,,327.5,2161.01910828025,226.48,6.47999999999999,,41.29,0.94,14.5233333333333,4.2717E-05,0.00011304,0.7853701930289,28.9042986722755,25.1982196069556
45,,328.5,2164.58598726115,226.59,6.59,,41.3,0.87,14.1933333333333,4.2783E-05,0.00011255,0.78950618171478,29.0620083901416,25.2641945380857
44,,329.5,2168.15286624204,227,7,,41.45,0.85,14.1963333333333,4.2713E-05,0.00011199,0.79164600675121,29.2745535714286,25.3612094900796
43,,330.5,2171.71974522293,227.41,7.41,,41.62,0.79,14.1993333333333,4.2596E-05,0.0001113,0.79342525988419,29.5556434599156,25.4877908536819
42,,331.5,2175.28662420382,227.78,7.78,,41.81,0.75,13.869,4.2599E-05,0.00011055,0.79840029546576,29.910749702499,25.6355064342853
41,,332.5,2178.85350318471,228.21,8.21000000000001,,41.92,0.79,13.872,4.2793E-05,0.00010981,0.8074775113891,30.385234179478,25.7909912718204
40,,333.5,2182.42038216561,228.5,8.5,,42.05,0.79,13.8753333333333,4.3149E-05,0.00010902,0.81968180085449,30.8588794926004,25.952876497153
39,,334.5,2185.9872611465,228.91,8.91,,42.07,0.79,13.8783333333333,4.3537E-05,0.00010808,0.8330455930039,31.2437076896372,26.1119252247614
38,,335.5,2189.55414012739,229.44,9.44,,42.16,0.79,13.548,4.3783E-05,0.00010715,0.84503875910208,31.5120068610635,26.2498500419882
37,,336.5,2193.12101910828,229.95,9.94999999999999,,42.27,0.71,13.2176666666667,4.3842E-05,0.00010657,0.8535218263333,31.638341264446,26.3372609151804
36,,337.5,2196.68789808917,230.31,10.31,,42.43,0.79,12.8873333333333,4.3795E-05,0.00010661,0.85724707898457,31.587449255751,26.3671748297113
35,,338.5,2200.25477707006,230.32,10.32,,42.5,0.79,12.8906666666667,4.3749E-05,0.00010725,0.85602537035419,31.3349720291575,26.3372469635627
34,,339.5,2203.82165605096,230.19,10.19,,42.5,0.79,13.227,4.3742E-05,0.00010834,0.85078100383535,30.9087797364367,26.2552746855283
33,,340.5,2207.38853503185,229.77,9.77000000000001,,42.4,0.87,13.5633333333333,4.3791E-05,0.00010973,0.84316482523698,30.3910178602393,26.1282377244557
32,,341.5,2210.95541401274,229.18,9.18000000000001,,42.23,0.87,13.233,4.3968E-05,0.00011124,0.83584891086991,29.9039421157685,25.9757338551859
31,,342.5,2214.52229299363,228.7,8.69999999999999,,42.01,0.8,13.5693333333333,4.4263E-05,0.00011273,0.8300348258635,29.6080980683507,25.8210449312748
30,,343.5,2218.08917197452,228.73,8.72999999999999,,41.81,0.79,13.906,4.4548E-05,0.00011405,0.82433768265173,29.3931919092255,25.6784699867449
29,,344.5,2221.65605095541,229.27,9.27000000000001,,41.83,0.72,14.5756666666667,4.4672E-05,0.00011508,0.81706490348852,29.2182490752158,25.5546848763014
28,,345.5,2225.22292993631,230.22,10.22,,42.01,0.79,14.2453333333333,4.4526E-05,0.0001157,0.80710544611288,29.0598609041232,25.4549478110132
27,,346.5,2228.7898089172,231.29,11.29,,42.37,0.79,14.5816666666667,4.4073E-05,0.00011588,0.79461306889836,28.9092627599244,25.3905277798111
26,,347.5,2232.35668789809,232.17,12.17,,42.81,0.79,14.2513333333333,4.3256E-05,0.00011557,0.77867157105818,28.7509627727856,25.3524670872689
25,,348.5,2235.92356687898,232.35,12.35,,43.24,0.69,14.588,4.2133E-05,0.00011473,0.76049037020225,28.5998414166777,25.3220215289181
24,,349.5,2239.49044585987,231.98,11.98,,43.55,0.79,14.591,4.0906E-05,0.00011341,0.7437491278902,28.4153825173872,25.2846661775495
23,,350.5,2243.05732484076,231.29,11.29,,43.53,0.91,14.2606666666667,3.976E-05,0.00011188,0.73132677573346,28.2135840583778,25.2487599022729
22,,351.5,2246.62420382166,229.98,9.97999999999999,,43.7,0.79,13.9303333333333,3.8841E-05,0.00011017,0.72419311912529,28.0038787530527,25.2160563169325
21,,352.5,2250.19108280255,229.33,9.33000000000001,,43.84,0.79,13.6003333333333,3.8024E-05,0.00010817,0.7199641985152,27.8521126760563,25.1962049335863
20,,353.5,2253.75796178344,229,9,,44.06,0.79,12.9366666666667,3.7129E-05,0.00010575,0.71601623860118,27.8208214231984,25.1913053550056
19,,354.5,2257.32484076433,229.16,9.16,,44.55,0.66,12.273,3.6029E-05,0.00010308,0.71070321698822,27.9363974001857,25.2064256394064
18,,355.5,2260.89171974522,229.59,9.59,,45.2,0.66,11.9426666666667,3.482E-05,0.00010036,0.70464569984985,28.1500956022945,25.2210526315789
17,,356.5,2264.45859872611,229.98,9.97999999999999,,46.08,0.66,10.9456666666667,3.369E-05,9.7994E-05,0.70025594956611,28.3676134508652,25.2295982031445
16,,357.5,2268.02547770701,230.45,10.45,,46.71,0.79,10.282,3.2821E-05,9.6338E-05,0.69866465442165,28.4605809128631,25.1946503109294
15,,358.5,2271.5923566879,230.9,10.9,,47.18,0.79,9.95193333333333,3.2331E-05,9.5617E-05,0.7000643473714,28.3918964357767,25.1063829787234
14,,359.5,2275.15923566879,231.29,11.29,,47.27,0.79,10.2883333333333,3.2332E-05,9.57E-05,0.70536499897893,28.1802807373584,24.9762008733624
13,,360.5,2278.72611464968,231.9,11.9,,46.96,0.79,10.958,3.2765E-05,9.6318E-05,0.71419151064204,27.8931825852177,24.8051268637196
12,,361.5,2282.29299363057,232.46,12.46,,46.64,0.79,10.961,3.3408E-05,9.7073E-05,0.7235348760677,27.5973266499582,24.6053258281013
11,,362.5,2285.85987261147,233.09,13.09,,46.41,0.79,11.2976666666667,3.4028E-05,9.7559E-05,0.7312307086499,27.3313541151245,24.4037189727733
10,,363.5,2289.42675159236,233.78,13.78,,46.29,0.79,11.3006666666667,3.4443E-05,9.7492E-05,0.73646155512458,27.1052631578947,24.2176885280923
9,,364.5,2292.99363057325,234.41,14.41,,46.12,0.66,11.637,3.4544E-05,9.969E-05,0.73912874796879,26.9212062256809,24.0521701945692
,,,,,,,,,,,,,,
,,,,,,,,,,,,,,
,,,,,,,,,,,,,,
,,,,,,,,,,,,,,
,,,,,,,,,,,,,,
,,,,,,,,,,,,,,
,,,,,,,,,,,,,,
,,,,,,,,,,,,,,
,,,,,,,,,,,,,,
,,,,,,,,,,,,,,
,,,,,,,,,,,,,,
,,,,,,,,,,,,,,
,,,,,,,,,,,,,,
,,,,,,,,,,,,,,
,,,,,,,,,,,,,,
95,,379.5,2346.49681528662,254.84,26.84,-228,47.9,0.91,11.1223333333333,3.8092E-05,9.822E-05,0.79707397382891,29.0471553762693,25.5440286525874
94,,380.5,2350.06369426752,255.7,27.7,,49.57,0.94,11.0583333333333,3.6616E-05,9.6581E-05,0.77765580578495,29.1186293015827,25.5929085131293
93,,381.5,2353.63057324841,255.6,27.6,,50.93,0.94,10.994,3.5208E-05,9.5283E-05,0.7604420200451,29.1190295678544,25.6202375377804
92,,382.5,2357.1974522293,254.39,26.39,,51.92,0.94,11.2633333333333,3.4152E-05,9.4769E-05,0.74768241825204,29.0815681315207,25.6316699071074
91,,383.5,2360.76433121019,252.29,24.29,,52.4,0.97,10.8657666666667,3.3667E-05,9.5329E-05,0.7410620441441,29.0720064724919,25.6296473453059
90,,384.5,2364.33121019108,250.11,22.11,,52.31,0.94,11.4683333333333,3.3944E-05,9.6957E-05,0.7427701299221,29.0586718246293,25.6144562678432
89,,385.5,2367.89808917197,248.7,20.7,,51.81,1,11.4043333333333,3.4968E-05,9.9468E-05,0.75232946837592,29.003586464993,25.5789361702128
88,,386.5,2371.46496815287,247.84,19.84,,50.88,0.92,12.0076666666667,3.6585E-05,0.00010265,0.76724863197021,28.8501922508134,25.5244175441506
87,,387.5,2375.03184713376,247.51,19.51,,49.93,0.97,12.61,3.8434E-05,0.0001062,0.78103964904562,28.6757546251217,25.46795462744
86,,388.5,2378.59872611465,247.99,19.99,,49.45,0.97,13.2126666666667,4.0192E-05,0.00010945,0.78946258085409,28.4266561514196,25.3713645668379
85,,389.5,2382.16560509554,249.19,21.19,,49.86,0.99,13.4823333333333,4.1395E-05,0.00011184,0.78894834610206,28.1539337212244,25.20701230884
84,,390.5,2385.73248407643,251.2,23.2,,50.77,0.95,14.085,4.1843E-05,0.00011343,0.7804446449972,27.8302357490333,24.9769200014539
83,,391.5,2389.29936305732,253.71,25.71,,51.96,0.9,13.687,4.1602E-05,0.00011428,0.76507273749037,27.4946654951676,24.7225594515461
82,,392.5,2392.86624203822,255.6,27.6,,52.92,0.79,13.9563333333333,4.1063E-05,0.00011457,0.74954358645755,27.1803215926493,24.5013781892713
81,,393.5,2396.43312101911,256.31,28.31,,53.38,0.79,13.2256666666667,4.0599E-05,0.00011456,0.739198152046,26.922529746508,24.3269670430164
80,,394.5,2400,256.36,28.36,,53.46,0.71,13.8283333333333,4.0434E-05,0.00011454,0.73625821036978,26.7587907097444,24.2050201860628
79,,395.5,2403.56687898089,256.39,28.39,,53.24,0.69,13.431,4.0639E-05,0.00011469,0.74012024351334,26.6952098892609,24.1346187554777
78,,396.5,2407.13375796178,256.72,28.72,,53.05,0.7,13.7006666666667,4.1117E-05,0.00011495,0.74784624306143,26.6948183896368,24.1090909090909
77,,397.5,2410.70063694268,257.51,29.51,,53.06,0.67,14.303,4.1642E-05,0.00011496,0.75568195759583,26.7164179104478,24.1158015825984
76,,398.5,2414.26751592357,258.69,30.69,,53.24,0.79,13.9056666666667,4.2003E-05,0.00011445,0.76216676013327,26.7752991026919,24.1464774985185
75,,399.5,2417.83439490446,259.69,31.69,,53.67,0.79,14.1746666666667,4.216E-05,0.0001136,0.76842459032282,26.8778844954472,24.1999579478553
74,,400.5,2421.40127388535,260.26,32.26,,54.07,0.66,13.444,4.2236E-05,0.00011283,0.77556981642125,27.0326372389646,24.2722772277228
73,,401.5,2424.96815286624,260.29,32.29,,54.46,0.66,14.0466666666667,4.2378E-05,0.00011236,0.78348794299778,27.2041937094358,24.3531593210669
72,,402.5,2428.53503184713,260.12,32.12,,54.77,0.79,13.9826666666667,4.2612E-05,0.00011213,0.79110956763327,27.3508619620489,24.4290223082993
71,,403.5,2432.10191082803,259.99,31.99,,55.3,0.66,13.918,4.2862E-05,0.00011204,0.79738315878848,27.4596724541313,24.4960403167747
70,,404.5,2435.66878980892,259.93,31.93,,55.94,0.66,14.5206666666667,4.3114E-05,0.00011219,0.80271553187466,27.5415241817294,24.5514902215487
69,,405.5,2439.23566878981,259.9,31.9,,56.54,0.79,14.1226666666667,4.3517E-05,0.00011287,0.8091354875054,27.611265227355,24.5925952655889
68,,406.5,2442.8025477707,260.03,32.03,,56.81,0.79,14.059,4.4263E-05,0.00011429,0.81804796694477,27.6547365934326,24.6207144139293
67,,407.5,2446.36942675159,260.43,32.43,,56.62,0.68,14.662,4.5421E-05,0.00011643,0.82901980890366,27.6694186446509,24.6344059318125
66,,408.5,2449.93630573248,260.77,32.77,,56.02,0.7,14.5976666666667,4.6854E-05,0.00011896,0.83945655521248,27.6454879270057,24.6309192200557
65,,409.5,2453.50318471338,260.74,32.74,,55.16,0.94,14.867,4.8347E-05,0.0001217,0.84778362563334,27.6010592304367,24.6181087615351
64,,410.5,2457.07006369427,260.41,32.41,,54.33,0.87,15.136,4.9762E-05,0.000124,0.85295024390866,27.5582253135209,24.5943248727587
63,,411.5,2460.63694267516,260.27,32.27,,53.84,0.79,15.7386666666667,5.0899E-05,0.00012496,0.85625676127315,27.5366584056175,24.5719698206879
62,,412.5,2464.20382165605,260.73,32.73,,53.8,0.66,15.6746666666667,5.1407E-05,0.00012402,0.85815886388964,27.547487745098,24.5812520272462
61,,413.5,2467.77070063694,261.61,33.61,,54,0.79,14.9436666666667,5.1081E-05,0.00012138,0.85917990866767,27.6185344827586,24.6176258757284
60,,414.5,2471.33757961783,262.75,34.75,,54.4,0.66,14.546,5.0056E-05,0.00011753,0.86025153824915,27.7353556485356,24.6724305485741
59,,415.5,2474.90445859873,263.62,35.62,,54.86,0.79,14.4823333333333,4.8648E-05,0.00011317,0.86344107212167,27.8833530614441,24.7307425399028
58,,416.5,2478.47133757962,264.11,36.11,,55.32,0.66,13.7513333333333,4.7126E-05,0.00010881,0.86865177631641,28.0640869275973,24.7916365737397
57,,417.5,2482.03821656051,264.21,36.21,,55.78,0.66,12.354,4.5713E-05,0.00010507,0.87636971756265,28.2540861812779,24.855580693816
56,,418.5,2485.6050955414,263.88,35.88,,56.25,0.79,12.9566666666667,4.4566E-05,0.00010262,0.88479237794593,28.4492481203008,24.9315820427367
55,,419.5,2489.17197452229,263.04,35.04,,56.5,0.79,12.2263333333333,4.389E-05,0.00010186,0.89217493847343,28.5745062836625,24.9822766454523
54,,420.5,2492.73885350319,262.17,34.17,,56.42,0.79,12.4953333333333,4.3818E-05,0.00010272,0.89735715142694,28.5669632123106,24.9650690495532
53,,421.5,2496.30573248408,261.18,33.18,,56.03,0.66,12.7643333333333,4.4337E-05,0.00010475,0.90038394462088,28.4512485136742,24.8959632953677
52,,422.5,2499.87261146497,260.58,32.58,,55.64,0.79,13.7006666666667,4.5252E-05,0.00010779,0.9011564507727,28.3022822543083,24.8261194911583
51,,423.5,2503.43949044586,260.4,32.4,,55.34,0.79,13.9703333333333,4.6339E-05,0.00011133,0.89677735798767,28.1415072859745,24.7242738509816
50,,424.5,2507.00636942675,260.59,32.59,,55.33,0.66,14.906,4.7461E-05,0.00011549,0.8892853227085,27.9952094474153,24.633287625542
49,,425.5,2510.57324840764,260.68,32.68,,55.35,0.79,15.509,4.8741E-05,0.00012074,0.88037257047893,27.8189636403222,24.5407817240764
48,,426.5,2514.14012738853,260.58,32.58,,55.38,0.66,16.1123333333333,5.0478E-05,0.00012726,0.87210226983955,27.6109179049426,24.4132287759973
47,,427.5,2517.70700636943,260.33,32.33,,55.19,0.79,16.3813333333333,5.2978E-05,0.00013553,0.86840054861868,27.3161691043879,24.2669245647969
46,,428.5,2521.27388535032,259.95,31.95,,54.68,0.75,17.6506666666667,5.6481E-05,0.00014555,0.8693274397375,26.8910196445276,24.0696235017059
45,,429.5,2524.84076433121,259.26,31.26,,53.81,0.87,18.2533333333333,6.1036E-05,0.00015743,0.87476279516653,26.3669064748201,23.8649741944483
44,,430.5,2528.4076433121,258.54,30.54,,52.74,1.07,19.1896666666667,6.6914E-05,0.00017071,0.88663719364698,25.7247221574571,23.6310694490562
43,,431.5,2531.97452229299,259.09,31.09,,51.41,1.07,21.4586666666667,7.3339E-05,0.00018265,0.89617426976033,25.1238944265057,23.3546303447307
42,,432.5,2535.54140127389,261.11,33.11,,50.78,1.01,23.7276666666667,7.9045E-05,0.00018996,0.90275764784054,24.6707805634531,23.1626342627753
41,,433.5,2539.10828025478,264.39,36.39,,50.94,0.8,24.6636666666667,8.1811E-05,0.00018991,0.8983922345514,24.503490836554,23.0552437959845
40,,434.5,2542.67515923567,267.84,39.84,,51.6,0.66,22.9333333333333,8.094E-05,0.00018373,0.88906152336222,24.6107255520505,23.1032476572402
39,,435.5,2546.24203821656,269.97,41.97,,52.49,0.79,21.5356666666667,7.7447E-05,0.0001755,0.87930789699198,24.8759700205611,23.2888229475767
38,,436.5,2549.80891719745,269.32,41.32,,53.33,0.79,20.1386666666667,7.3061E-05,0.0001682,0.86841024915459,25.2760671055426,23.5285081774645
37,,437.5,2553.37579617834,265.81,37.81,,53.66,0.79,19.4086666666667,6.9462E-05,0.00016217,0.86146520598788,25.7103417400388,23.7716180999763
36,,438.5,2556.94267515924,262.39,34.39,,53.74,0.79,19.3446666666667,6.6954E-05,0.00015638,0.86123656538172,26.0402736743897,24.016996887198
35,,439.5,2560.50955414013,261.06,33.06,,54.22,0.79,19.2806666666667,6.4511E-05,0.00015007,0.860535942182,26.3361788617886,24.2329896907216
34,,440.5,2564.07643312102,261.79,33.79,,55.23,0.79,18.8826666666667,6.1557E-05,0.00014356,0.85565760114748,26.5862780500387,24.3911658296884
33,,441.5,2567.64331210191,264.38,36.38,,56.53,0.79,17.8186666666667,5.8269E-05,0.00013758,0.84668246258621,26.7288306451613,24.4977545335683
32,,442.5,2571.2101910828,266.84,38.84,,57.58,0.79,17.0883333333333,5.5549E-05,0.00013263,0.84224295904559,26.7261559295802,24.6017540719527
31,,443.5,2574.77707006369,268.42,40.42,,58.09,0.79,16.691,5.3806E-05,0.000129,0.8462630652783,26.6693298711675,24.7101697554898
30,,444.5,2578.34394904459,269.37,41.37,,58.17,0.66,16.96,5.3043E-05,0.00012696,0.85773832935574,26.629786804082,24.8467186191795
29,,445.5,2581.91082802548,270.25,42.25,,57.89,0.79,16.896,5.3172E-05,0.00012648,0.87364004265863,26.6760847628658,25.0377178245545
28,,446.5,2585.47770700637,271.06,43.06,,57.61,0.66,17.4986666666667,5.3933E-05,0.00012708,0.88950659121052,26.8011801180118,25.2792486761914
27,,447.5,2589.04458598726,271.53,43.53,,57.4,0.79,17.768,5.495E-05,0.00012833,0.90200083517601,26.9244444444444,25.548802885097
26,,448.5,2592.61146496815,271.53,43.53,,57.39,0.79,17.7043333333333,5.5907E-05,0.0001303,0.90877096543181,26.9759366135185,25.7924314977388
25,,449.5,2596.17834394904,270.73,42.73,,57.46,0.79,18.6406666666667,5.6942E-05,0.00013335,0.911600910646,26.9311811328049,26.0102689003719
24,,450.5,2599.74522292994,269.07,41.07,,57.42,0.66,18.91,5.8338E-05,0.00013762,0.9125884442427,26.8378506894912,26.2179176755448
23,,451.5,2603.31210191083,267.32,39.32,,57.16,0.66,20.179,6.0323E-05,0.00014283,0.91436128099587,26.7182993766862,26.4270015698587
22,,452.5,2606.87898089172,266.01,38.01,,56.72,0.66,22.1146666666667,6.2727E-05,0.00014773,0.9161182402743,26.6000905797101,26.6221234628029
21,,453.5,2610.44585987261,265.6,37.6,,56.34,0.79,23.3846666666667,6.5047E-05,0.00015097,0.91849124863383,26.4774233454096,26.7855559823882
20,,454.5,2614.0127388535,266.17,38.17,,56.36,0.79,24.32,6.6524E-05,0.00015138,0.91918758281636,26.4115040403163,26.8919389472462
19,,455.5,2617.57961783439,267.34,39.34,,56.76,0.79,24.2563333333333,6.6739E-05,0.00014899,0.91966073188578,26.4153152371867,26.9241475295755
18,,456.5,2621.14649681529,268.35,40.35,,57.45,0.79,23.193,6.5809E-05,0.00014513,0.92139238882707,26.5188985354731,26.8791105081547
17,,457.5,2624.71337579618,268.41,40.41,,58.13,0.79,21.7953333333333,6.4434E-05,0.00014177,0.92613510538904,26.747620318477,26.8062795490362
16,,458.5,2628.28025477707,267.57,39.57,,58.48,0.79,20.3983333333333,6.3468E-05,0.00013993,0.93387107210757,27.0801543847051,26.7407177256486
15,,459.5,2631.84713375796,266.47,38.47,,58.42,0.79,20.3346666666667,6.3329E-05,0.00013949,0.94407879983286,27.4457690928648,26.7164839331416
14,,460.5,2635.41401273885,265.75,37.75,,58.11,0.79,20.9373333333333,6.3827E-05,0.00014008,0.9545041192298,27.7656736327257,26.7266827840692
13,,461.5,2638.98089171975,265.71,37.71,,57.78,0.79,20.8736666666667,6.4616E-05,0.00014159,0.96223330754002,28.0072176745005,26.7380528723945
12,,462.5,2642.54777070064,266.17,38.17,,57.6,0.66,21.143,6.5608E-05,0.000144,0.96658636867363,28.1818181818182,26.736012608353
11,,463.5,2646.11464968153,267.22,39.22,,57.49,0.79,21.7453333333333,6.6807E-05,0.00014696,0.96777840481565,28.2922732362822,26.7168861829026
10,,464.5,2649.68152866242,268.65,40.65,,57.29,0.71,22.015,6.811E-05,0.00015009,0.96678117663235,28.3030922565806,26.6814145790742
9,,465.5,2653.24840764331,269.76,41.76,,56.98,0.76,22.9513333333333,6.9376E-05,0.00015303,0.96421514265526,28.1672567863767,26.6312354033176
8,,466.5,2656.8152866242,269.9,41.9,,56.56,0.87,23.887,7.0495E-05,0.00015552,0.96094423505107,27.8487641390867,26.571369746169
7,,467.5,2660.3821656051,268.8,40.8,,56.1,0.87,24.825,7.1452E-05,0.00015707,0.95839511413042,27.3681125439625,26.4903776378044
6,,468.5,2663.94904458599,267.07,39.07,,55.44,0.94,26.4293333333333,7.2115E-05,0.00015679,0.95774261781539,26.7997811816193,26.4017182725019
5,,469.5,2667.51592356688,265.74,37.74,,54.69,0.94,27.0333333333333,7.1945E-05,0.0001531,0.95719121901142,26.2748528031402,26.3218723749384
4,,470.5,2671.08280254777,265.55,37.55,,54.08,0.86,27.9716666666667,6.993E-05,0.00014413,0.95280666537447,25.8681785967399,26.2515588811687
3,,471.5,2674.64968152866,266.75,38.75,,54.07,0.86,26.2416666666667,6.4862E-05,0.00012844,0.93875529212984,25.5956263188183,26.2134576612903
2,,472.5,2678.21656050955,269.59,41.59,,55.36,0.79,22.8466666666667,5.6012E-05,0.00010812,0.90969798408323,25.4767507002801,26.1959745762712
,,,,,,,,,,,,,,
,,474.5,,,,,,,,,,,,
,,475.5,,,,,,,,,,,,
,,476.5,,,,,,,,,,,,
,,477.5,,,,,,,,,,,,
,,478.5,,,,,,,,,,,,
,,479.5,,,,,,,,,,,,
64,,480.5,2726.15384615385,245.03,35.03,-210,49.58,1.21,14.4393333333333,5.1831E-05,0.00010682,1,27.6107111692845,25.3217054263566
63,,481.5,2732.30769230769,246.51,36.51,,50.72,1.24,14.453,5.0684E-05,0.0001042,0.98977107454397,27.4041330533761,25.2478042659975
62,,482.5,2738.46153846154,247.6,37.6,,51.6,1.28,13.7993333333333,4.8868E-05,0.00010119,0.97830279724623,27.0845150311968,25.1438791093963
61,,483.5,2744.61538461538,247.84,37.84,,51.99,1.31,13.4796666666667,4.6867E-05,9.8547E-05,0.96615322519345,26.8664705882353,25.0655798750465
60,,484.5,2750.76923076923,246.94,36.94,,51.88,1.37,13.8263333333333,4.5172E-05,9.6202E-05,0.95618595588119,26.9138521781694,25.0550314465409
59,,485.5,2756.92307692308,245.74,35.74,,51.31,1.45,13.5063333333333,4.3809E-05,9.3675E-05,0.94993893423862,27.2896542958821,25.1387134706677
58,,486.5,2763.07692307692,245.39,35.39,,50.67,1.48,13.186,4.245E-05,9.0439E-05,0.94530170643431,27.7871777924653,25.2510300967395
57,,487.5,2769.23076923077,245.99,35.99,,50.4,1.44,12.866,4.0719E-05,8.6392E-05,0.93919938871765,28.1519634955752,25.3483130402454
56,,488.5,2775.38461538462,247.45,37.45,,50.83,1.49,12.5463333333333,3.8535E-05,8.176E-05,0.93046123501142,28.1844023323615,25.3780898054702
55,,489.5,2781.53846153846,249.39,39.39,,51.89,1.47,12.5596666666667,3.5961E-05,7.6822E-05,0.91750264794422,27.9283392663674,25.323046754051
54,,490.5,2787.69230769231,250.97,40.97,,53.4,1.61,11.9066666666667,3.3246E-05,7.205E-05,0.90275570180481,27.4937676583015,25.194840985504
53,,491.5,2793.84615384615,251.28,41.28,,54.85,1.66,11.5866666666667,3.0724E-05,6.802E-05,0.88952922332551,26.9724770642202,25.0515160435679
52,,492.5,2800,249.81,39.81,,55.65,1.76,11.5996666666667,2.874E-05,6.4963E-05,0.88138688768035,26.6408218647025,24.9180532966346
51,,493.5,2806.15384615385,247.91,37.91,,55.25,1.83,11.6133333333333,2.76E-05,6.2839E-05,0.88625655149736,26.5667686034659,24.8918670948293
50,,494.5,2812.30769230769,247.22,37.22,,54.15,1.86,10.96,2.7065E-05,6.0972E-05,0.89845269407486,26.6962236595034,24.8998234175496
49,,495.5,2818.46153846154,247.98,37.98,,53.12,1.88,10.64,2.6628E-05,5.8825E-05,0.91101296235459,26.7879813796022,24.9260323915025
48,,496.5,2824.61538461538,248.96,38.96,,52.49,1.88,10.6533333333333,2.5917E-05,5.6566E-05,0.91905021700729,26.692341071816,24.9120319883679
47,,497.5,2830.76923076923,248.73,38.73,,52.08,1.91,10.6666666666667,2.5017E-05,5.4756E-05,0.92256337275061,26.458051420839,24.8550450382257
46,,498.5,2836.92307692308,247.52,37.52,,51.35,1.9,10.6803333333333,2.4352E-05,5.3538E-05,0.92772523361286,26.268446943078,24.7881688372823
45,,499.5,2842.31884057971,246.54,36.54,,50.03,1.84,10.3601,2.4085E-05,5.2249E-05,0.93842799770034,26.1963557899784,24.7377749133972
44,,500.5,2846.95652173913,247.43,37.43,,48.71,1.78,10.7066666666667,2.3792E-05,5.0094E-05,0.94988147375425,26.1295843520782,24.6692397078353
43,,501.5,2851.59420289855,250.43,40.43,,48.12,1.8,10.3866,2.2881E-05,4.696E-05,0.95280875427022,25.9201813365933,24.518544314818
42,,502.5,2856.23188405797,253.52,43.52,,48.86,1.92,10.3996666666667,2.124E-05,4.3623E-05,0.94350210454979,25.4562506896171,24.2970648719387
41,,503.5,2860.86956521739,255.77,45.77,,50.86,2.1,10.0800666666667,1.9315E-05,4.0892E-05,0.92362489963855,24.6867299162149,23.9990868506493
40,,504.5,2865.50724637681,255.87,45.87,,53.56,2.33,10.4266333333333,1.7623E-05,3.9091E-05,0.89899637006601,23.8963187646491,23.7191072400653
39,,505.5,2870.14492753623,254.41,44.41,,55.49,2.51,10.4403333333333,1.6545E-05,3.807E-05,0.88288967942526,23.2258064516129,23.4795789955383
38,,506.5,2874.78260869565,252.49,42.49,,55.82,2.65,10.7866666666667,1.6062E-05,3.7438E-05,0.88010237673238,22.7614590058102,23.3065848477696
37,,507.5,2879.42028985507,251.02,41.02,,55.36,2.69,10.4670333333333,1.5896E-05,3.6868E-05,0.8857102348403,22.4948686800988,23.1930752584756
36,,508.5,2884.05797101449,250.94,40.94,,54.96,2.71,10.1469333333333,1.5763E-05,3.6283E-05,0.89187860479793,22.3142930327869,23.1176614481409
35,,509.5,2888.69565217391,251.63,41.63,,55.44,2.7,10.1605,1.5519E-05,3.591E-05,0.89223035272243,22.1871768355739,23.0904678944749
34,,510.5,2893.33333333333,252.16,42.16,,56.46,2.65,10.507,1.5242E-05,3.6006E-05,0.88540710203219,22.1078770081188,23.0969773299748
33,,511.5,2897.97101449275,251.78,41.78,,57.45,2.49,10.8536666666667,1.5149E-05,3.6706E-05,0.87765844792044,22.1486865595511,23.144867445659
32,,512.5,2902.60869565217,250.33,40.33,,57.49,2.28,10.5335666666667,1.5417E-05,3.8032E-05,0.87615160564896,22.3843140455399,23.2279493172592
31,,513.5,2907.24637681159,248.41,38.41,,56.19,2.06,10.2138,1.6118E-05,3.994E-05,0.88405327248511,22.7992971197188,23.3522324592488
30,,514.5,2911.88405797101,246.61,36.61,,54.11,1.87,10.5603333333333,1.7173E-05,4.2258E-05,0.89692175584671,23.3048592634085,23.5042448614835
29,,515.5,2916.52173913043,245.95,35.95,,51.84,1.7,10.574,1.838E-05,4.4687E-05,0.90730440067902,23.7758830694275,23.6671560402685
28,,516.5,2921.15942028986,245.46,35.46,,50.44,1.55,11.254,1.948E-05,4.6926E-05,0.90933561655247,24.1123340112454,23.7927118309303
27,,517.5,2925.79710144928,245.1,35.1,,49.84,1.48,11.2673333333333,2.037E-05,4.8942E-05,0.90551144070017,24.2709699492502,23.8930581613508
26,,518.5,2930.4347826087,244.08,34.08,,50.03,1.41,11.2806666666667,2.1109E-05,5.1086E-05,0.89970968656782,24.316973020641,23.9689379657061
25,,519.5,2935.07246376812,242.99,32.99,,50.63,1.34,11.2936666666667,2.1924E-05,5.3524E-05,0.89522941464814,24.3495484075424,24.0435044278222
24,,520.5,2939.71014492754,242.28,32.28,,50.98,1.25,11.6403333333333,2.2914E-05,5.6023E-05,0.89303564898741,24.4693296005599,24.1339454053611
23,,521.5,2944.34782608696,242.35,32.35,,51,1.16,12.3203333333333,2.4019E-05,5.8179E-05,0.89434484873894,24.5840026457526,24.2503519474425
22,,522.5,2948.98550724638,243.4,33.4,,50.73,1.11,12,2.494E-05,5.9697E-05,0.89422466783035,24.6237288135593,24.3346394393791
21,,523.5,2953.6231884058,244.28,34.28,,50.42,1.06,12.3466666666667,2.5486E-05,6.0828E-05,0.89056499614694,24.5320414005726,24.3950843727073
20,,524.5,2958.26086956522,244.62,34.62,,50.34,1.04,12.36,2.5708E-05,6.2152E-05,0.88161953150172,24.3233820004358,24.443485142816
19,,525.5,2962.89855072464,244.22,34.22,,50.07,1.06,13.04,2.5882E-05,6.4146E-05,0.86867870148763,24.1464995678479,24.5180807654425
18,,526.5,2967.53623188406,242.92,32.92,,49.34,0.98,13.0533333333333,2.634E-05,6.6941E-05,0.85656956588879,24.146186440678,24.645846091039
17,,527.5,2972.17391304348,241.33,31.33,,48.11,0.84,13.4,2.7241E-05,7.0292E-05,0.84888195061693,24.3296546086246,24.8244299674267
16,,528.5,2976.8115942029,240.13,30.13,,46.8,0.71,13.7463333333333,2.8437E-05,7.361E-05,0.84390648976121,24.5813047711782,25.0331824102214
15,,529.5,2981.44927536232,239.68,29.68,,46.08,0.69,14.093,2.9484E-05,7.6257E-05,0.83553766832274,24.7040089921319,25.2099496594611
14,,530.5,2986.08695652174,239.59,29.59,,46.45,0.79,14.4396666666667,2.9945E-05,7.7978E-05,0.81914550159052,24.604216756057,25.334191702432
13,,531.5,2990.72463768116,239.28,29.28,,47.95,0.79,14.7863333333333,2.9795E-05,7.9281E-05,0.79705400201828,24.3439550140581,25.3920744352895
12,,532.5,2995.36231884058,238.13,28.13,,49.5,0.79,15.1326666666667,2.958E-05,8.1172E-05,0.77829725601717,24.1000190876121,25.4327905051063
11,,533.5,3000,235.96,25.96,,50.08,0.79,15.4796666666667,3.002E-05,8.4265E-05,0.77147328250495,24.0953104233909,25.5209289765055
10,,534.5,3004.63768115942,234.14,24.14,,49.22,0.79,15.493,3.1491E-05,8.8183E-05,0.77957100151647,24.3845733041575,25.6830729166667
9,,535.5,3009.27536231884,233.49,23.49,,47.74,0.79,16.173,3.3751E-05,9.1865E-05,0.79839576479503,24.8149727148704,25.8902505853634
8,,536.5,3013.91304347826,234.05,24.05,,46.19,0.79,15.5196666666667,3.6132E-05,9.4604E-05,0.82046181089298,25.2138654794085,26.1095438462274
7,,537.5,3018.55072463768,234.98,24.98,,44.99,0.79,16.1993333333333,3.7977E-05,9.5754E-05,0.83738967978301,25.5137296318648,26.2714385312573
6,,538.5,3023.1884057971,236.14,26.14,,44.11,0.79,16.8786666666667,3.8878E-05,9.4775E-05,0.84696105174654,25.7214076246334,26.3825086306099
5,,539.5,3027.82608695652,237.42,27.42,,43.52,0.66,15.8916666666667,3.8584E-05,7.9924E-05,0.84923895035547,25.8752927400468,26.4531985276988
,,540.5,,,,,,,,,,,,
,,541.5,,,,,,,,,,,,
,,542.5,,,,,,,,,,,,
,,543.5,,,,,,,,,,,,
,,544.5,,,,,,,,,,,,
,,,,,,,,,,,,,,
,,553.5,,,,,,,,,,,,
,,554.5,,,,,,,,,,,,
,,555.5,,,,,,,,,,,,
18,,556.5,3106.66666666667,229.69,19.69,-210,42.69,0.87,13.7966666666667,3.15E-05,8.7134E-05,0.82214759691094,24.7826086956522,25.284134041861
17,,557.5,3111.30434782609,232.57,22.57,,42.83,0.99,13.8533333333333,3.41E-05,9.3423E-05,0.81636274384933,24.706445437141,25.288926559306
16,,558.5,3115.94202898551,233.99,23.99,,42.76,1.09,14.5766666666667,3.62E-05,9.9822E-05,0.80829745307117,24.6905734604327,25.3735819230054
15,,559.5,3120.57971014493,234.04,24.04,,42.59,1.09,14.9666666666667,3.82E-05,0.00010659,0.79827686846284,24.7495682210708,25.5169558015866
14,,560.5,3125.21739130435,233.3,23.3,,42.53,1.12,15.0236666666667,4.03E-05,0.00011366,0.78868763673326,24.8630136986301,25.7135265503005
13,,561.5,3129.85507246377,231.77,21.77,,42.95,1.04,16.747,4.25E-05,0.00012079,0.78000561204795,25.0254535961363,25.9388545782347
12,,562.5,3134.49275362319,229.83,19.83,,43.99,0.99,17.8046666666667,4.46E-05,0.00012785,0.77022981621882,25.2910052910053,26.1961748436314
11,,563.5,3139.13043478261,228.11,18.11,,45.43,0.82,17.195,4.68E-05,0.00013464,0.76359235171719,25.5656382335148,26.4499759994514
10,,564.5,3143.76811594203,226.97,16.97,,46.65,0.79,18.585,4.9E-05,0.0001407,0.75916893072649,25.8099000697188,26.7080277632268
9,,565.5,3148.40579710145,226.37,16.37,,47.18,0.79,19.3083333333333,5.11E-05,0.00014552,0.75760573183167,26.0139388489209,26.9712431887619
8,,566.5,3153.04347826087,226.37,16.37,,46.82,0.66,19.699,5.29E-05,0.00014869,0.75831463038484,26.258162821071,27.2317957821922
7,,567.5,3157.68115942029,226.65,16.65,,46.04,0.66,20.7543333333333,5.44E-05,0.00014999,0.76319160984379,26.40683395622,27.4689595045546
6,,568.5,3163.60655737705,227.25,17.25,,45.2,0.79,19.8096666666667,5.53E-05,0.00014923,0.76909373784997,26.5479308538502,27.6712615495021
5,,569.5,3170.81967213115,228.6,18.6,,44.56,0.79,19.8656666666667,5.53E-05,0.00014634,0.77301058594195,26.6249347939489,27.8316518596597
4,,570.5,3178.03278688525,230.87,20.87,,44.23,0.74,19.921,5.42E-05,0.00014083,0.77259640841281,26.583837740257,27.9411402915308
3,,571.5,3185.24590163934,234.27,24.27,,44.4,0.7,19.3093333333333,5.16E-05,5.8505E-05,0.76431251594172,26.380120886501,28.0191304904188
,,572.5,,,,,,,,,,,,
,,573.5,,,,,,,,,,,,
,,574.5,,,,,,,,,,,,
,,,,,,,,,,,,,,
,,574.5,,,,,,,,,,,,
,,575.5,,,,,,,,,,,,
,,576.5,,,,,,,,,,,,
,,577.5,,,,,,,,,,,,
,,578.5,,,,,,,,,,,,
,,579.5,,,,,,,,,,,,
,,580.5,,,,,,,,,,,,
,,581.5,,,,,,,,,,,,
,,582.5,,,,,,,,,,,,
,,583.5,,,,,,,,,,,,
84,,584.5,3279.01639344262,94.98,14.98,-80,54.07,1.9,9.8237,1.73E-05,4.9602E-05,0.61683579586296,24.2905405405405,24.3805443930548
83,,585.5,3286.22950819672,94.01,14.01,,55.48,1.73,9.12756666666667,1.44E-05,4.3054E-05,0.60559147532539,23.4274193548387,23.5803804886845
82,,586.5,3293.44262295082,95.88,15.88,,55.88,1.67,8.76473333333333,1.23E-05,3.8732E-05,0.59594757103613,22.5352112676056,22.9231252618349
81,,587.5,3300.65573770492,98.35,18.35,,55.44,1.61,8.7351,1.1E-05,3.5861E-05,0.59243295801561,21.5957446808511,22.3021077283372
80,,588.5,3307.86885245902,99.87,19.87,,54.78,1.63,8.7056,1.03E-05,3.3895E-05,0.59914408739188,20.2923976608187,21.8304590413391
79,,589.5,3315.08196721311,100.25,20.25,,54.21,1.62,9.34283333333333,9.79E-06,3.253E-05,0.60250895009812,19.549356223176,21.4894616727077
78,,590.5,3322.29508196721,99.9,19.9,,53.61,1.52,9.3133,9.47E-06,3.1514E-05,0.60727075212749,19.0088105726872,21.2428191116716
77,,591.5,3329.50819672131,99.25,19.25,,52.6,1.39,8.95033333333333,9.33E-06,3.0724E-05,0.61758190405303,18.7389380530973,21.0553440363652
76,,592.5,3336.72131147541,98.41,18.41,,50.89,1.31,8.9209,9.38E-06,3.0129E-05,0.63685641971953,18.7719298245614,20.9277045640682
75,,593.5,3343.93442622951,97.57,17.57,,48.68,1.3,9.2245,9.57E-06,2.969E-05,0.66258815748875,19.025974025974,20.827928271652
74,,594.5,3351.14754098361,97.12,17.12,,46.66,1.35,8.52846666666667,9.79E-06,2.9383E-05,0.68784240025517,19.2584745762712,20.773988996301
73,,595.5,3358.3606557377,97.13,17.13,,45.62,1.46,8.83216666666667,9.96E-06,2.9141E-05,0.70709807082454,19.3333333333333,20.7432166732206
72,,596.5,3365.5737704918,97.11,17.11,,45.68,1.55,9.13613333333333,9.96E-06,2.8853E-05,0.71297013194596,19.3670886075949,20.7146596443359
71,,597.5,3372.7868852459,96.45,16.45,,46.53,1.66,9.10633333333333,9.8E-06,2.8478E-05,0.70851907831432,19.3103448275862,20.6927204292464
70,,598.5,3380,94.97,14.97,,47.76,1.77,8.74346666666667,9.55E-06,2.8107E-05,0.69953642780126,19.2600896860987,20.682798663596
69,,599.5,3387.2131147541,93.47,13.47,,48.76,1.75,8.71403333333333,9.35E-06,2.7839E-05,0.69392664924686,19.197247706422,20.6802888560643
68,,600.5,3394.4262295082,92.51,12.51,,48.89,1.62,8.68453333333333,9.33E-06,2.7653E-05,0.69910830576986,19.1898148148148,20.6911186709383
67,,601.5,3401.63934426229,92.34,12.34,,48.16,1.5,8.98823333333333,9.48E-06,2.7474E-05,0.71512594184119,19.2272727272727,20.7039217311997
66,,602.5,3408.85245901639,92.77,12.77,,46.97,1.57,8.6254,9.7E-06,2.7322E-05,0.73648904186982,19.2920353982301,20.7215894920609
65,,603.5,3416.06557377049,93.32,13.32,,45.7,1.65,8.59596666666667,9.91E-06,2.7302E-05,0.75661965082723,19.3776824034335,20.7236348478533
64,,604.5,3423.27868852459,93.46,13.46,,44.4,1.8,7.89963333333333,1.01E-05,2.7444E-05,0.77169086724113,19.4583333333333,20.7060077261223
63,,605.5,3430.49180327869,93.47,13.47,,43.24,1.85,8.8701,1.02E-05,2.7675E-05,0.77529897564819,19.5918367346939,20.6977859351489
62,,606.5,3437.70491803279,93.43,13.43,,41.94,1.95,8.84063333333333,1.02E-05,2.7877E-05,0.76882764544494,19.7983870967742,20.7026929747063
61,,607.5,3444.91803278689,93.42,13.42,,40.59,2.03,8.8111,1.01E-05,2.795E-05,0.75577372233086,19.8795180722892,20.717493879007
60,,608.5,3452.13114754098,93.92,13.92,,39.51,2.09,8.11503333333333,9.89E-06,2.7799E-05,0.73812672249901,19.8163265306122,20.7276608130397
59,,609.5,3459.34426229508,94.97,14.97,,39,2.08,8.41863333333333,9.55E-06,2.7305E-05,0.71662284222182,19.6822033898305,20.7349589790337
58,,610.5,3466.55737704918,95.94,15.94,,39.19,2,8.38923333333334,9.13E-06,2.6401E-05,0.6975013390875,19.5291479820628,20.7388139086497
57,,611.5,3473.77049180328,96.57,16.57,,40.22,1.91,7.69313333333333,8.62E-06,2.5237E-05,0.68108817125866,19.5169082125604,20.7282811528095
56,,612.5,3480.98360655738,96.39,16.39,,41.9,1.92,7.997,8.04E-06,2.4133E-05,0.6645608762462,19.4210526315789,20.7301593074853
55,,613.5,3488.19672131147,95.76,15.76,,43.64,2,7.30096666666667,7.43E-06,2.3355E-05,0.64223497075247,19.3428571428571,20.7317821725203
54,,614.5,3495.40983606557,95.56,15.56,,44.83,2.26,6.9381,6.93E-06,2.301E-05,0.61897030176888,19.1212121212121,20.7517520915281
53,,615.5,3502.62295081967,96.96,16.96,,44.68,2.43,7.24203333333333,6.65E-06,2.3147E-05,0.60286694971978,18.78125,20.7851854873249
52,,616.5,3509.83606557377,99.69,19.69,,43.01,2.55,7.5459,6.68E-06,2.3738E-05,0.60200236843364,18.4567901234568,20.8161730327486
51,,617.5,3517.04918032787,102.52,22.52,,40.16,2.51,7.51646666666667,7.07E-06,2.4738E-05,0.62128624316253,18.3235294117647,20.8498527580687
50,,618.5,3524.26229508197,103.73,23.73,,37.4,2.48,7.82043333333333,7.74E-06,2.6074E-05,0.6526687583075,18.3783783783784,20.8845734890884
49,,619.5,3531.47540983607,103.07,23.07,,35.6,2.58,8.45763333333333,8.46E-06,2.7529E-05,0.67682929972254,18.5572139303483,20.9268541479801
48,,620.5,3538.68852459016,101.24,21.24,,35.07,2.72,8.4282,9.02E-06,2.869E-05,0.68349060737715,18.7096774193548,20.9843198423775
47,,621.5,3545.90163934426,99.13,19.13,,35.52,2.79,8.73213333333334,9.27E-06,2.9142E-05,0.67400890575686,18.6830357142857,21.0298982585357
46,,622.5,3553.11475409836,97.34,17.34,,36.92,2.79,8.36946666666667,9.11E-06,2.871E-05,0.65210190988024,18.5227272727273,21.0725089375745
45,,623.5,3560.32786885246,96.45,16.45,,39.26,2.63,8.33973333333333,8.61E-06,2.7699E-05,0.62558511690605,18.1884057971014,20.9784489539091
44,,624.5,3567.54098360656,96.98,16.98,,42.35,2.48,7.31036666666667,7.96E-06,2.6624E-05,0.59946720132886,17.7486910994764,21.1334160369911
43,,625.5,3574.75409836066,99.15,19.15,,45.77,2.33,7.28096666666667,7.34E-06,2.5902E-05,0.57509448700139,17.3295454545455,21.1584831952583
42,,626.5,3581.96721311475,102.7,22.7,,48.51,2.25,7.25146666666667,6.96E-06,2.5677E-05,0.56052164724321,17.0121951219512,21.2011124630627
41,,627.5,3589.18032786885,106.08,26.08,,49.4,2.23,7.22206666666667,6.91E-06,2.5958E-05,0.56137131252708,16.9444444444444,21.270575407991
40,,628.5,3596.39344262295,106.96,26.96,,48.22,2.45,7.19266666666667,7.19E-06,2.6696E-05,0.57779544173349,17.189349112426,21.3603901759275
39,,629.5,3608.57142857143,104.58,24.58,,45.5,2.6,7.82976666666667,7.72E-06,2.7736E-05,0.60323642257105,17.8888888888889,21.4503790955862
38,,630.5,3625.71428571428,100.69,20.69,,42.44,2.7,7.80003333333333,8.39E-06,2.8942E-05,0.63100758724313,18.6989795918367,21.5512330104989
37,,631.5,3642.85714285714,97.87,17.87,,39.68,2.54,8.1039,9.02E-06,3.0309E-05,0.65012137829057,19.4883720930233,21.6920895592153
36,,632.5,3660,97.13,17.13,,37.81,2.32,7.7412,9.5E-06,3.1745E-05,0.65383542432243,19.9563318777293,21.8554048426438
35,,633.5,3677.14285714286,98.35,18.35,,37.33,2.18,8.04533333333333,9.73E-06,3.2755E-05,0.639372507337,20.0285714285714,22.0612476907773
34,,634.5,3694.28571428571,100.6,20.6,,38.18,2.17,8.3492,9.73E-06,3.2769E-05,0.61965746436919,19.8936170212766,22.2684610075914
33,,635.5,3711.42857142857,102.05,22.05,,39.95,2.3,8.31966666666667,9.51E-06,3.1622E-05,0.60538795748469,19.7098214285714,22.4365376612568
32,,636.5,3728.57142857143,101.06,21.06,,42.37,2.49,7.9572,9.01E-06,2.9409E-05,0.59436319105238,19.4471153846154,22.5326181501885
31,,637.5,3745.71428571428,98.01,18.01,,44.78,2.55,7.59433333333333,8.27E-06,2.6577E-05,0.58659951727191,19.1798941798942,22.5003148019895
30,,638.5,3762.85714285714,94.36,14.36,,46.63,2.48,6.8985,7.43E-06,2.3829E-05,0.58317554837526,18.6764705882353,22.2456752896366
29,,639.5,3780,92.03,12.03,,48.08,2.32,6.5358,6.66E-06,2.1661E-05,0.58302188996933,17.9354838709677,21.9096843316601
28,,640.5,3797.14285714286,92.57,12.57,,48.96,2.06,6.83983333333333,6.09E-06,2.0203E-05,0.58648274518867,17.0486111111111,21.5769985232858
27,,641.5,3814.28571428571,94.83,14.83,,48.96,1.82,6.14396666666667,5.75E-06,1.9305E-05,0.59370188786858,16.3669064748201,21.2861316295751
26,,642.5,3831.42857142857,96.93,16.93,,48.33,1.65,6.11456666666667,5.58E-06,1.8885E-05,0.6029493648872,15.8823529411765,21.0816556208578
25,,643.5,3848.57142857143,97.99,17.99,,47.87,1.52,6.08496666666667,5.51E-06,1.8875E-05,0.60862678146452,15.5263157894737,20.9441366574331
24,,644.5,3865.71428571428,97.71,17.71,,47.88,1.6,6.7225,5.49E-06,1.9151E-05,0.60673889069685,15.2692307692308,20.8409172708108
23,,645.5,3882.85714285714,96.56,16.56,,48.21,1.97,6.6931,5.51E-06,1.9575E-05,0.60017319032726,15.1574803149606,20.7722897669706
22,,646.5,3900,95.42,15.42,,48.08,2.49,6.66376666666667,5.58E-06,2.0129E-05,0.59463282192324,15.12,20.7357669288223
21,,647.5,3917.14285714286,95.77,15.77,,47.26,2.99,6.63463333333333,5.73E-06,2.0826E-05,0.59381186519721,15,20.7128774764378
20,,648.5,3934.28571428571,97.79,17.79,,45.84,3.09,6.60543333333333,5.99E-06,2.1722E-05,0.59998087550468,14.7810218978102,20.7380245079837
19,,649.5,3951.42857142857,100.11,20.11,,44.48,2.94,6.57623333333333,6.35E-06,2.2854E-05,0.60980413508138,14.5238095238095,20.7797054446098
18,,650.5,3968.57142857143,101.63,21.63,,43.32,2.61,7.21316666666667,6.77E-06,2.4153E-05,0.61793514261739,14.46875,20.8440861346749
17,,651.5,3985.71428571428,101.98,21.98,,42.22,2.25,7.5173,7.22E-06,2.5546E-05,0.62356619821966,14.6242774566474,20.9603782169209
16,,652.5,4002.85714285714,101.23,21.23,,40.89,2.02,7.82176666666667,7.74E-06,2.6814E-05,0.63202535594656,14.8648648648649,21.0466913750396
15,,653.5,4020,99.78,19.78,,39.55,2.13,8.12593333333333,8.3E-06,2.7706E-05,0.64570319655893,15.1776649746193,21.1493643131222
14,,654.5,4037.14285714286,98.14,18.14,,38.61,2.35,8.5968,8.74E-06,2.7909E-05,0.65804266388961,15.4854368932039,21.2335118304221
13,,655.5,4054.28571428571,96.79,16.79,,38.55,2.61,9.0676,8.9E-06,2.7309E-05,0.6652152242703,15.7211538461538,21.2755972696246
12,,656.5,4071.42857142857,96.26,16.26,,39.37,2.76,8.37163333333333,8.73E-06,2.6113E-05,0.66684499405685,15.8663366336634,21.2741597931799
11,,657.5,4088.57142857143,96.8,16.8,,41.01,2.71,8.00923333333333,8.34E-06,2.4767E-05,0.66623237179335,15.9162303664922,21.2181976992696
10,,658.5,4105.71428571428,98.25,18.25,,42.84,2.45,7.64676666666667,7.94E-06,2.3613E-05,0.66874961858739,15.9562841530055,21.1712351745506
9,,659.5,4122.85714285714,99.75,19.75,,43.99,2.18,7.61756666666667,7.7E-06,2.2645E-05,0.68023035323349,16.123595505618,21.1461883780863
8,,660.5,4140,100.5,20.5,,44.41,2.04,7.25496666666667,7.62E-06,2.173E-05,0.70193855185185,16.2921348314607,21.1348827106864
7,,661.5,4157.14285714286,99.76,19.76,,44.63,2.07,7.8928,7.55E-06,2.0678E-05,0.72477578396204,16.5254237288136,21.1023586400471
6,,662.5,4174.28571428571,97.22,17.22,,45.02,2.29,7.531,7.38E-06,2.0678E-05,0.74449927623724,16.7816091954023,21.0766488413547
